tweetID,positiveScore,neutralScore,negativeScore,sentimentType,location,keyword,unigram,tweet
605654006,0.00492023,0.487102798,0.507976972,negative,Johor Bahru,marah,"cara', 'untuk', 'buat', 'diri', 'sendiri', 'marah', ':', '1', ')', 'tengok', 'drama', 'nur', '2', ')', 'tengok', 'drama', 'nur', '2'",cara untuk buat diri sendiri marah 1 tengok drama Nur 2 tengok drama Nur 2
428696229,0.003070156,0.303945459,0.692984385,negative,Johor Bahru,marah,"suka', 'aku', 'lah', 'nak', 'masuk', 'team', 'mana', 'pun', 'yang', 'kau', 'marah', 'sangat', 'kenapa', 'aku', 'join', 'team', 'ni', 'pun', 'sebab', 'nak', 'cabar', 'diri', 'aku', 'sendiri', ',', 'takkan', 'asyik', 'nak', 'ikut', 'kau', 'jee', 'macam', 'tak', 'ada', 'life', 'pulak', '.'",suka aku lah nak masuk team mana pun yang kau marah sangat kenapa aku join team ni pun sebab nak cabar diri aku sendiri takkan asyik nak ikut kau jee macam tak ada life pulak
3099428958,0.001485719,0.147086137,0.851428144,negative,Johor Bahru,kecewa,"mampus', 'aku', 'takle', 'kickflip', ',', 'bunuh diri', 'sudah'",Mampus aku takle kickflip bunuh diri sudah
1113776040,0.004254279,0.421173578,0.574572144,negative,Johor Bahru,kecewa,"kecewa', 'nya', 'aku', ',', 'maybe', 'ni', 'kali', 'terakhir', 'aku', 'bagi', 'peluang', 'kat', 'diri', 'aku', 'untuk', 'aku', '.', 'bukan', 'untuk', 'kau', 'atau', 'apa2', '.', 'untuk', 'aku'",kecewa nya aku maybe ni kali terakhir aku bagi peluang kat diri aku untuk aku bukan untuk kau atau apa2 untuk aku
1381882122,0.001233425,0.122109092,0.876657483,negative,Johor Bahru,sedih,"9', 'bulan', 'cuba', 'untuk', 'kuatkan', 'diri', ',', 'tabahkan', 'diri', 'utk', 'suami', 'tapi', 'malam', 'ni', 'taktahu', 'kenapa', 'sedih', 'sangat', 'bila', 'teringat', 'suami', 'dkt', 'sg', 'tuh'",9 bulan cuba untuk kuatkan diri tabahkan diri utk suami tapi malam ni taktahu kenapa sedih sangat bila teringat suami dkt sg tuh
8.43E+17,0.000505045,0.049999413,0.949495542,negative,Johor Bahru,bunuh diri,"nak', 'bunuh diri', 'tapi', 'takut', 'jarum', 'hahaha'",nak bunuh diri tapi takut jarum hahaha
949698080,0.002482264,0.245744092,0.751773644,negative,Johor Bahru,bunuh diri,"second', 'case', 'utk', 'minggu', 'ni', '.', 'gaduh', 'dgn', 'gf', 'pestu', 'bunuh diri', '.', 'haritu', 'tikam', 'dada', ',', 'ini', 'bakar', 'diri', 'dgn', 'petrol'",second case utk minggu ni gaduh dgn gf pestu bunuh diri haritu tikam dada ini bakar diri dgn petrol
9.97E+17,0.001552056,0.153653563,0.844794381,negative,Johor Bahru,marah,"kadang', 'kadang', 'rasa', 'marah', 'kat', 'diri', 'sendiri', 'kenapa', 'baik', 'sangat', 'ngan', 'orang', 'lain', 'sedangkan', 'hm'",kadang kadang rasa marah kat diri sendiri kenapa baik sangat ngan orang lain sedangkan hm
1.08E+18,0.001280936,0.126812635,0.871906429,negative,Johor Bahru,bunuh diri,"selalu', 'jugak', 'ada', 'org', 'bunuh diri', 'kat', 'sini'",selalu jugak ada org bunuh diri kat sini
519230045,0.000580735,0.057492753,0.941926512,negative,Johor Bahru,sedih,"kadang', 'mmg', 'susah', 'nk', 'percaya', 'tapi', 'bila', 'dh', 'kene', 'kat', 'diri', 'sendiri', 'lagi2', 'dgn', 'org', 'yg', 'kita', 'tak', 'sangka', 'buat', 'kita', 'lagi', 'sedih', 'tak', 'tahu', 'la', 'dia', 'org', 'ni', 'fikir', 'ape', 'buat', 'benda2', 'syirik', 'mcm', 'ni'",kadang mmg susah nk percaya tapi bila dh kene kat diri sendiri lagi2 dgn org yg kita tak sangka buat kita lagi sedih tak tahu la dia org ni fikir ape buat benda2 syirik mcm ni
453898572,0.002508057,0.248297615,0.749194329,negative,Johor Bahru,bunuh diri,"aredarazali', 'hahahahah', 'jilake', 'aku', 'tengok', 'rasa', 'mcm', 'nak', 'bunuh diri'",AREDArazali Hahahahah jilake aku tengok rasa mcm nak bunuh diri
458046028,0.002157377,0.213580314,0.784262309,negative,Johor Bahru,marah,"aku', 'dua', 'minggu', 'sekali', 'balik', 'kg', 'masa', 'xde', 'pkp', '.', 'setiap', 'kali', 'sambung', 'pkpb', 'sekarang', 'ni', ',', 'mesti', 'aku', 'kol', 'ibu', 'tanya', 'ok', 'tak', ',', 'kadang2', 'ibu', 'kol', 'dulu', 'tanya', 'ok', 'x', '.', 'kalau',  'kau', 'nak', 'marah', ',', 'marah', 'diri', 'sendiri', ',', 'sapa', 'suruh', 'xbalik', 'kg', 'selalu', '.'",aku dua minggu sekali balik kg masa xde pkp setiap kali sambung pkpb sekarang ni mesti aku kol ibu tanya ok tak kadang2 ibu kol dulu tanya ok x kalau kau nak marah marah diri sendiri sapa suruh xbalik kg selalu
225460941,0.000647954,0.064147478,0.935204568,negative,Johor Bahru,sedih,"unnecessarily', 'creating', 'stress', 'for', 'myself', '.', 'ok', 'so', 'azam', '2021', ':', 'nak', 'jadi', 'orang', 'yg', 'boleh', 'ignore', 'je', 'segala', 'benda', '.', 'so', 'i', ""don't"", 'need', 'to', 'be', 'hati', 'tisu', 'dok', 'sedih', 'and', 'salahkan', 'diri', 'sendiri', '.'",unnecessarily creating stress for myself ok so azam 2021 nak jadi orang yg boleh ignore je segala benda so I don't need to be hati tisu dok sedih and salahkan diri sendiri
39743626,0.007545198,0.746974638,0.245480164,neutral,Johor Bahru,bunuh diri,"ainnatiqah', 'dah', 'agak', '.', '.', 'ni', 'mesti', 'blok', 'kau', '.', '.', 'mesti', 'blok', 'ni', 'berhantu', 'or', 'ada', 'org', 'pernah', 'bunuh diri', '.', '.', 'babtu', 'kot', 'blok', 'ni', 'terpilih', '.', '.', 'seram', '.', '.', 'hahahaha'",ainnatiqah dah agak ni mesti blok kau mesti blok ni berhantu or ada org pernah bunuh diri babtu kot blok ni terpilih seram hahahaha
1041565368,0.563044014,0.432586426,0.00436956,positive,Johor Bahru,sedih,"sebagai', 'pasangan', 'yang', 'belum', 'dikurniakan', 'zuriat', ',', 'yes', '!', 'we', 'are', 'happy', ',', 'spending', 'time', 'together', 'and', 'loving', 'each', 'other', 'so', 'much', '.', 'tapi', 'adakala', 'rasa', 'sunyi', ',', 'adakala', 'rasa', 'sedih', ',', 'adakala', 'rasa', 'teringin', '.', 'and', 'selalu', 'cakap', 'pada', 'diri', 'sendiri', ',', 'allah', 'tahu', 'belum', 'masanya', 'lagi', '.'",sebagai pasangan yang belum dikurniakan zuriat YES we are happy spending time together and loving each other so much tapi adakala rasa sunyi adakala rasa sedih adakala rasa teringin and selalu cakap pada diri sendiri Allah tahu belum masanya lagi
519230045,0.000158827,0.015723846,0.984117327,negative,Johor Bahru,marah,"dah', 'lama', 'tak', 'marah', 'selalu', 'aku', 'je', 'ckap', 'dkat', 'org', 'jgn', 'marah2', 'hari', 'ni', 'diri', 'sendiri', 'yg', 'meletup'",dah lama tak marah selalu aku je ckap dkat org jgn marah2 hari ni diri sendiri yg meletup
2412570463,0.004656446,0.460988128,0.534355426,negative,Johor Bahru,sedih,"sedih', 'ke', 'apa', 'ke', 'yang', 'ada', 'untuk', 'diri', 'sendiri', 'adalah', 'diri', 'sendiri', 'je', '.', 'takde', 'orang', 'nak', 'comfort', 'pon', '.', 'so', 'why', 'bother', ',', 'just', 'be', 'happy', 'with', 'yourself', 'lah'",sedih ke apa ke yang ada untuk diri sendiri adalah diri sendiri je takde orang nak comfort pon so why bother just be happy with yourself lah
566840981,0.008545077,0.845962574,0.145492349,neutral,Johor Bahru,sedih,"milatayweelee', 'paling', 'sedih', 'diorang', 'stay', 'sehab', 'kena', 'suruh', 'stay', 'last2', 'crew', 'kapal', 'selamatkan', 'diri', 'sendiri', 'dulu', '.', 'dasar', 'kampret', '.'",milatayweelee paling sedih diorang stay sehab kena suruh stay last2 crew kapal selamatkan diri sendiri dulu dasar kampret
8.91E+17,0.008369112,0.828542065,0.163088823,neutral,Johor Bahru,sedih,"bila', 'kau', 'sedih', 'jangan', 'cari', 'dia', '.', 'sebab', 'apa', '?', 'sebab', 'walaupun', 'dia', 'tahu', 'cara', 'nak', 'bahagiakan', 'kau', ',', 'dia', 'tetap', 'tak', 'buat', '.', 'nothing', '.', 'jadi', 'lebih', 'baik', ',', 'settle', 'dengan', 'diri', 'sendiri', '.', 'better', '.'",bila kau sedih jangan cari dia sebab apa sebab walaupun dia tahu cara nak bahagiakan kau dia tetap tak buat nothing jadi lebih baik settle dengan diri sendiri better
9.97E+17,0.000958638,0.094905206,0.904136155,negative,Johor Bahru,kecewa,"aku', 'kecewa', 'dengan', 'diri', 'sendiri'",aku kecewa dengan diri sendiri
1354228176,0.005907341,0.584826777,0.409265882,neutral,Johor Bahru,bunuh diri,"org', 'kayuh', '45mins', '1', 'jam', 'tu', 'kayuhhh', 'je',  'kita', 'kayuh', '20mins', 'w', 'high', 'resistance', 'baru', 'warm', 'up', 'jee', 'lepaas', 'tu', 'kita', 'bunuh diri'",org kayuh 45mins 1 jam tu kayuhhh je kita kayuh 20mins w high resistance baru warm up jee lepaas tu kita bunuh diri
401213929,0.003286251,0.325338847,0.671374902,negative,Johor Bahru,kecewa,"dengan', 'tgah', 'kecewa', 'dengan', 'hidup', 'jumaat', 'ni', 'last', 'day', 'kerja', ',', 'ipa', 'x', 'keluar', 'lagi', 'result', 'semalam', 'kerja', 'part', 'time', 'smpai', '1', 'pagi', 'niat', 'kecil', 'nak', 'sambung', 'master', 'x', 'tertunai', 'lagi',  'fikir', 'kewangan', 'semakin', 'mengecil', 'border', 'buka', '2', 'tahun', 'lagi', 'tahu',  'bunuh diri', 'itu', 'sesuatu', 'benda', 'dimurkai', 'allah'","dengan tgah kecewa dengan hidup, jumaat ni last day kerja, ipa x keluar lagi result, semalam kerja part time smpai 1 pagi, niat kecil nak sambung master x tertunai lagi, fikir kewangan semakin mengecil, border buka 2 tahun lagi.   tahu, bunuh diri itu sesuatu benda dimurkai allah"
22144476,0.006713615,0.664647908,0.328638477,neutral,Johor Bahru,bunuh diri,"xpac2k',  'kuasasiswa', 'apa', 'kata', 'kau', 'doakan', 'dia', 'bunuh diri',  'tiap', 'kali', 'kau', 'solat', 'lima', 'kali', 'sehari', 'kalau', 'hari',  'hari', 'mesti', 'allah', 'kabulkan', 'doa', 'tu',  'dari', 'timeline',  'aku', 'rasa', 'kau', 'tak', 'tinggalkan', 'solat', 'kan'",xpac2k kuasasiswa apa kata kau doakan dia bunuh diri tiap kali kau solat lima kali sehari kalau hari hari mesti allah kabulkan doa tu  Dari timeline aku rasa kau tak tinggalkan solat kan
52997613,0.004673234,0.462650153,0.532676613,negative,Johor Bahru,bunuh diri,"whoaa', 'tggi', 'kes', 'bunuh', 'diri', 'johor', 'paling', 'tinggi'",whoaa tggi kes bunuh diri johor paling tinggi 
8.96E+17,0.000983632,0.097379596,0.901636772,negative,Johor Bahru,sedih,"rasa', 'tanak', 'teruskan', 'hidup', 'boleh', 'tak', 'sebab', 'diri', 'saya', 'hanya', 'buat', 'orang', 'lain', 'sedih', 'jer'",rasa tanak teruskan hidup boleh tak sebab diri saya hanya buat orang lain sedih jer
195690494,0.002195737,0.217377935,0.780426328,negative,Johor Bahru,marah,"i', 'mean', 'aku', 'marah', 'jugak', 'tp', 'takde', 'la', 'cakap', 'macam', 'takde', 'iman', 'ko', 'tau',  'tak', 'faham', 'doh', 'dia', 'ni', 'bad', 'mood', 'semua', 'dia', 'tapau', 'baguslah', 'dulu', 'cakap', 'org', 'kan', 'skrg', 'diri', 'sendiri', 'jadi', 'tulah', 'lain', 'kali', 'jangan', 'tunding', 'jari', 'dkt', 'org', 'mmg', 'allah', 'bagi', 'satu', 'hari', 'nnt'",i mean aku marah jugak tp takde la cakap macam takde iman ko tau tak faham doh dia ni bad mood semua dia tapau baguslah dulu cakap org kan skrg diri sendiri jadi tulah lain kali jangan tunding jari dkt org mmg Allah bagi satu hari nnt 
257975602,0.000197722,0.019574459,0.980227819,negative,Johor Bahru,bunuh diri,"silap', 'silap', 'kadar', 'bunuh diri', 'ni', 'makin', 'lama', 'makin', 'meningkat', 'sebab', 'ramaj', 'gila', 'yang', 'stress', 'dengan', 'pkp', 'ni'",silap silap kadar bunuh diri ni makin lama makin meningkat sebab ramaj gila yang stress dengan pkp ni
8.91E+17,0.249421787,0.743072431,0.007505782,neutral,Johor Bahru,sedih,"mem', 'sedih', 'le', 'kalau', 'kau', 'nak', 'reward', 'diri', 'kau', 'masa', 'birthday', 'kau'",mem sedih le kalau kau nak reward diri kau masa birthday kau
178704712,0.271151673,0.721559843,0.007288483,neutral,Johor Bahru,sedih,"sedih', 'pulak', 'dah', 'sampai', 'last', 'page', 'sejujurnya', 'aku', 'rasa', 'happy', 'bila', 'baca', 'buku', 'ni', 'sebab', '95',  'boleh', 'relate', 'dengan', 'diri', 'sendiri', 'rasa', 'macam', 'finally', 'ada', 'jugak', 'orang', 'acknowledge', 'kita',  'terima', 'kasih', 'penulis', 'aimanpsikologi', 'aqilamasri'",sedih pulak dah sampai last page sejujurnya aku rasa happy bila baca buku ni sebab 95 boleh relate dengan diri sendiri rasa macam finally ada jugak orang acknowledge kita terima kasih penulis aimanpsikolog aqilamasri
609277610,0.000823774,0.081553642,0.917622583,negative,Johor Bahru,sedih,"i', 'pandai', 'bila', 'advice', 'kawan', 'tgh', 'down', 'ke', 'sedih', 'tapi', 'bila', 'kena', 'kat', 'diri', 'sendiri', 'tak', 'boleh', 'handle', 'haih'",I pandai bila advice kawan tgh down ke sedih tapi bila kena kat diri sendiri tak boleh handle haih
1141700714,0.003973974,0.393423434,0.602602592,negative,Johor Bahru,bunuh diri,"zatybaha', 'tak',  'nanti', 'bunuh diri', 'mcm', 'uncle', 'tu'",zatybaha tak nanti bunuh diri mcm uncle tu
353128154,0.001233433,0.122109844,0.876656723,negative,Johor Bahru,bunuh diri,"abdul_mallek90', 'sebelum', 'bunuh diri', 'tu', 'santau', 'la', 'sape', 'yang', 'sebarxad', 'biar', 'sama2', 'menderita', 'sampai', 'kiamat'",abdulmallek90 sebelum bunuh diri tu santau la sape yang sebar xad biar sama2 menderita sampai kiamat
2903187272,0.60821712,0.387865052,0.003917829,positive,Johor Bahru,#COVID19,"gunakan', 'telefon', 'pintar', 'anda', 'untuk', 'scan', 'qr', 'code', 'aplikasi', 'mysejahtera', 'atau', 'tulis', 'butir', 'diri', 'dgn', 'betul', 'dalam', 'buku', 'rekod', 'yang', 'telah', 'disediakan', 'apabila', 'sampai', 'di', 'premis', 'sumber', 'kkmputrajaya',  'covid19',  'kitateguhkitamenang', 'komunikasikita', 'jabatanpenerangan', 'makmurjohor', 'jauharku'",gunakan telefon pintar anda untuk scan qr code aplikasi mysejahtera atau tulis butir diri dgn betul dalam buku rekod yang telah disediakan apabila sampai di premis sumber kkmputrajaya covid19 kitateguhkitamenang komunikasikita jabatanpenerangan makmurjohor jauharku
235877659,0.007079426,0.700863214,0.29205736,neutral,Johor Bahru,bunuh diri," 'zarasyed', 'bunuh diri'",zarasyed bunuh diri?
458046028,0.001564214,0.154857224,0.843578562,negative,Johor Bahru,marah,"sebab', 'tu', 'la', 'malas', 'berjanji',  'aku', 'janji', 'dengan', 'diri', 'sendiri', 'nak', 'balik', 'kl', 'minggu', 'ni', 'pun', 'aku', 'jadi', 'marah', 'dengan', 'diri', 'sendiri', 'sebab', 'tak', 'boleh', 'balik',  'aishhhh'",sebab tu la malas berjanji aku janji dengan diri sendiri nak balik kl minggu ni pun aku jadi marah dengan diri sendiri sebab tak boleh balik aishhhh
95638967,0.0002931,0.029016932,0.970689968,negative,Johor Bahru,murung,"duit', 'kwsp', 'duit', 'simpanan', 'pekerja duit', 'ni', 'la', 'nak', 'bantu', 'pekerja', 'yg', 'kena', 'buang', 'kerja', 'dikala', 'covid',  'nak', 'tgk', 'depa', 'bunuh diri', 'akibat', 'murung', 'ka'",duit kwsp duit simpanan pekerja duit ni  la nak bantu pekerja yg kena buang kerja dikala covid nak tgk depa bunuh diri akibat murung ka
425858443,0.001237925,0.122554598,0.876207477,negative,Johor Bahru,marah,"Teringin', 'nak', 'jadi', 'manusia', 'yang', 'boleh', 'tahan', 'diri', 'dari', 'marah', 'dan', 'boleh', 'sabar', 'dengan', 'semua', 'benda', 'tapi', 'kita', 'cuma', 'manusia', 'biasa', 'kadang',  'kadang', 'tewas', 'juga', ",teringin nak jadi manusia yang boleh tahan diri dari marah dan boleh sabar dengan semua benda tapi kita cuma manusia biasa kadang-kadang tewas juga
557615527,0.007968623,0.788893699,0.203137677,neutral,Johor Bahru,sedih," 'AinAryanna', 'Skrg', 'korea', 'thailand', 'semua', 'aku', 'tgk',  'Pastu', 'sedih', 'sendiri', 'sis', 'kenangkan', 'diri', 'x', 'laku2', 'hahaha'",ainaryanna skrg korea thailand semua aku tgk pastu sedih sendiri sis kenangkan diri x laku2 hahaha
270965120,0.000673032,0.066630151,0.932696818,negative,Johor Bahru,bunuh diri,"Haramjadah', 'betul', 'ada', 'amoi', 'nak', 'bunuh diri', 'terjun', 'dari', 'tingkat', '5'",haramjadah betul ada amoi nak bunuh diri terjun dari tingkat 5
1.04E+18,0.001930582,0.191127644,0.806941773,negative,Johor Bahru,kecewa,"'hari', 'ii', 'kecewa', 'dengan', 'diri', 'sendiri'",hari ii kecewa dengan diri sendiri
333316043,0.001225312,0.121305883,0.877468805,negative,Johor Bahru,"kecewa, sedih","Pendirian', 'aku', 'dari', 'Langkah', 'Sheraton', 'hingga', 'hari', 'ini', 'tetap', 'UMNO', 'perlu', 'kuat', 'sendiri', ',', 'bukan', 'hanya', 'mengharap', 'dan', 'menumpang', 'parti', 'lain', '(', 'Lawan', ')', 'untuk', 'kekal',  'jadi', 'kerajaan',  'Harap', 'Tok', 'Zahid', 'muhasabah', 'diri', 'Sebagai', 'ahli', 'UMNO', 'aku', 'kecewa', 'dan', 'sedih', 'tengok', 'keadaan', 'UMNO', 'hari', 'ini'",pendirian aku dari langkah sheraton hingga hari ini tetap  umno perlu kuat sendiri bukan hanya mengharap dan menumpang parti lain lawan untuk kekal  jadi kerajaan  harap tok zahid muhasabah diri sebagai ahli umno aku kecewa dan sedih tengok keadaan umno hari ini
259380565,0.000305014,0.030196426,0.969498559,negative,Johor Bahru,bunuh diri,"Mak', 'dario',  'lucinda', 'bunuh diri', 'sebab', 'tak', 'sanggup', 'tanggung', 'penipuan'",mak dario lucinda bunuh diri sebab tak sanggup tanggung penipuan
1.16E+18,0.001066311,0.105564815,0.893368873,negative,Johor Bahru,marah,"jangan', 'acah', 'acah', 'marah', 'kawan', 'sendiri', 'sebab', 'nak', 'jaga', 'diri', 'kawan', 'sangat', 'pergi', 'jaga', 'diri', 'sendiri',  'takut', 'tertelan', 'banyak', 'roll'","jangan acah acah marah kawan sendiri sebab nak jaga diri kawan sangat, pergi jaga diri sendiri. takut tertelan banyak roll"
2482414992,0.001024416,0.101417173,0.897558411,negative,Johor Bahru,bunuh diri,"The', 'hell',  'Kedarah', 'ape', '1', 'bulan', 'dpt', '100k', 'gaji',  'Lol', 'kau', 'kuarantin', 'je', 'da', '4', 'minggu', 'free2', 'je', 'mkn', 'duit', 'rakyat', 'Rakyat', 'suffer', 'smpai', 'bunuh diri', 'la', 'Jwb', 'la', 'korg', 'kat', 'bwh', 'nnti'",the hell kedarah ape 1 bulan dpt 100k gaji lol kau kuarantin je da 4 minggu free2 je mkn duit rakyat rakyat suffer smpai bunuh diri la jwb la korg kat bwh nnti
8.44E+17,0.001019839,0.100964051,0.89801611,negative,Johor Bahru,kecewa,"'Agak', 'kecewa', 'dengan', 'diri', 'sendiri'",agak kecewa dengan diri sendiri 
2814494432,0.00120286,0.119083129,0.879714011,negative,Johor Bahru,bunuh diri,"Kejadian', 'bunuh diri', 'tak', 'kuat', 'jangan', 'tengok'",kejadian bunuh diri tak kuat jangan tengok
614172104,0.000856466,0.084790139,0.914353395,negative,Johor Bahru,marah,"'masa', 'tu', 'belum', 'ada', 'mental', 'health', 'awareness', 'lagi', 'Bayangkan', 'budak', 'umur', '9', 'tahun', 'rasa', 'sampai', 'nak', 'bunuh diri', 'sebab', 'cikgu', 'BI', 'dia', 'selalu', 'marah2', 'hina2', 'sebab', 'dia', 'tak', 'pandai'","masa tu belum ada mental health awareness lagi. bayangkan budak umur 9 tahun rasa sampai nak bunuh diri sebab cikgu bi dia selalu marah2 hina2 sebab dia tak pandai. nasib baik ada sorang cikgu baik hati, akan aku kenang jasa dia sampai bila2"
333316043,0.002365819,0.234216066,0.763418115,negative,Johor Bahru,#KitaJagaKita,"Oleh', 'itu', 'face', 'mask', 'wajib', 'pakai',  'Bukan', 'untuk', 'lindungi', 'diri', 'kau', 'semata', 'mata', 'tapi', 'untuk', 'elakkan', 'diri', 'kau', 'jadi', 'penyebar', 'Covid',  '19', 'Macam', 'aku', 'cakap', 'tadi',  'kau', 'Yang', 'belum', 'pernah', 'swab', 'test', ')', 'belum', 'tentu', 'negatif',  'Apa', 'apa', 'pun', 'jaga', 'diri', 'semua', 'KitaJagaKita'",oleh itu face mask wajib pakai bukan untuk lindungi diri kau semata-mati tapi untuk elakkan diri kau jadi penyebar covid19 macam aku cakap tadi kau yang belum pernah swab test belum tentu negatif  apa-apa pun jaga diri semua kitajagakita
904054045,0.009197938,0.910595865,0.080206197,neutral,Johor Bahru,#KitaJagaKita,"Bila', 'kena', 'lockdown', 'ni', 'ofc', 'akan', 'ada', 'side', 'effect', 'dalam', 'diri', 'kita', 'Paling', 'terkesan', 'adalah', 'mental', 'kita', 'sendiri', 'Jadi', 'untuk', 'kawan', 'kawan', 'di', 'Selangor', 'KL', 'Putrajaya', 'semoga', 'tabah', 'dan', 'kuat', 'menjalani', 'PKPB', 'mulai', 'esok', 'KitaJagaKita'",bila kena lockdown ni ofc akan ada side effect dalam diri kita paling terkesan adalah mental kita sendiri jadi untuk kawan-kawan di selangor kl putrajaya semoga tabah dan kuat menjalani pkpb mulai esok kitajagakita
71155978,0.000121055,0.011984479,0.987894465,negative,Johor Bahru,bunuh diri,"Dik', 'lepas', 'ni', 'kalau', 'kau', 'tertekan', 'pastu', 'ugut', 'nak', 'bunuh diri', 'pun', 'orang', 'buat', 'bodoh', 'je', 'LAYAK'",dik lepas ni kalau kau tertekan pastu ugut nak bunuh diri pun orang buat bodoh je layak
215556269,0.003298244,0.326526133,0.670175623,negative,Johor Bahru,sedih,"'Sedih', 'dengan', 'diri', 'sendiri', 'sebab', 'tak', 'pandai', 'mendidik'",sedih dengan diri sendiri sebab tak pandai mendidik
1025810876,0.000112509,0.011138344,0.988749148,negative,Johor Bahru,marah,"Kena', 'marah', 'sikit', 'je', 'arini', 'But', 'sampai', 'skg', 'aku', 'terasa',  'Tapi', 'keluar', 'sorang', 'diri', 'after', 'Maghrib', 'sebab', 'ada', 'urusan',  'Lepas', 'tu',  'aku', 'boleh', 'teringat', 'setiap', 'butir', 'kejadian', '2', 'tahun', 'lepas', 'dan', 'ia', 'buat', 'aku', 'jadi', 'takut', 'sangat', 'Rasa', 'nak', 'menangis', 'Jantung', 'berdegup', 'laju'",kena marah sikit je arini but sampai skg aku terasa tapi keluar sorang diri after maghrib sebab ada urusan lepas tu aku boleh teringat setiap butir kejadian 2 tahun lepas dan ia buat aku jadi takut sangat  rasa nak menangis jantung berdegup laju
3178124946,0.000260806,0.025819751,0.973919444,negative,Johor Bahru,sedih," 'fatyhaxx', 'alone', 'sebab',  'kita', 'sedih',  'kita', 'betul', 'betul', 'perlukan', 'masa', 'untuk', 'kita', 'faham', 'diri', 'kita', 'sendiri',  'duduk', 'tenangkan', 'diri', 'orang', 'lain', 'takkan', 'sepenuhnya', 'faham', 'kita', 'kita', 'kena', 'calm', 'down', 'lepastu', 'sy', 'selalu', 'pujuk', 'diri', 'cakap', 'kt', 'diri', 'sendiri', 'takpe',  ""its"", 'okay',  'kalau', 'perlu', 'nangis',  'nangis', 'je'",fatyhaxx alone sebab kita sedih kita betul betul perlukan masa untuk kita faham diri kita sendiri. duduk tenangkan diri orang lain takkan sepenuhnya faham kita kita kena calm down lepastu sy selalu pujuk diri cakap kt diri sendiri takpe its okay kalau perlu nangis nangis je
4284068952,0.778141965,0.219639454,0.00221858,positive,Johor Bahru,sedih,"Happy', 'beday', 'antekk', 'botakss', 'sll', 'ada', 'bersama', 'ku', 'ssh', 'senang', 'gelak', 'tawa', 'sedihthe', 'best', 'friend', 'ever', 'mmg', 'termasuk', 'kedalam', 'air', 'laut', 'berfikiran', 'matang', 'x', 'pndai', 'ucap', 'pnjg', 'lebar', 'have', 'a', 'nice', 'day', 'jaga', 'diri', 'kt', 'LD', 'tu', 'ko', 'balik', 'kita', 'vibing', 'okey', 'rizqinhusnan'",happy beday antekk botakss sll ada bersama ku ssh senang gelak tawa sedihthe best friend ever mmg termasuk kedalam air laut berfikiran matang x pndai ucap pnjg lebar have a nice day jaga diri kt ld tu ko balik kita vibing okey rizqinhusnan  
14969221,0.00425029,0.420778694,0.574971016,negative,Johor Bahru,sedih,"'SyaFyn', 'Sedih', 'la', 'sya', 'kita', 'je', 'jaga', 'diri', 'tapi', 'ramai', 'yang', 'tak', 'peduli', 'pun'",syafyn sedih la sya kita je jaga diri tapi ramai yang tak peduli pun
2835335905,0.003309129,0.327603799,0.669087072,negative,Johor Bahru,bunuh diri,"Palabuto', 'Remote', 'aircon', 'kalau', 'tak', 'tahu', 'pakai', 'korang', 'gi', 'bunuh diri', 'sudah'",palabuto remote aircon kalau tak tahu pakai korang gi bunuh diri sudah
1021426435,0.000831786,0.082346766,0.916821448,negative,Johor Bahru,sedih,"sis', 'tak', 'diajar', 'utk', 'berdendam', 'dgn', 'org', 'yg', 'lebih', 'tua', 'tapi', 'bila', 'melibatkan', 'arwah', 'ayah', 'hati', 'mana', 'yg', 'tak', 'rasa', 'sedih', 'org', 'bersuara', 'dgn', 'nada', 'perli', 'seolah', 'kami', 'dua', 'beradik', 'tak', 'ingat', 'kubur', 'arwah', 'ayah', 'kat', 'kelantan', 'tu', '.', 'cuma', 'bila', 'mcm', 'ni', 'cuba', 'muhasabah', 'diri', 'sendiri', 'dan', 'alhamdulilah', 'no', 'dendam'",sis tak diajar utk berdendam dgn org yg lebih tua. tapi bila melibatkan arwah ayah hati mana yg tak rasa sedih org bersuara dgn nada perli seolah  kami dua beradik tak ingat kubur arwah ayah kat kelantan tu. cuma bila mcm ni cuba muhasabah diri sendiri dan alhamdulilah no dendam
1932953730,0.004090512,0.404960671,0.590948817,negative,Johor Bahru,bunuh diri,"cokolatstoberi', 'Hmmmmmm', 'Kan', 'Kalau', 'x', 'xkan', 'la', 'ada', 'yg', 'sampai', 'nak', 'bunuh diri', 'Some', 'said', 'mcm', 'overthinking'",cokolatstoberi hmmmmmm kan kalau x xkan la ada yg sampai nak bunuh diri some said mcm overthinking
1.15E+18,0.000754516,0.074697058,0.924548426,negative,Johor Bahru,sedih,"'Korang', 'pernah', 'tak', 'buat', 'diri', 'korang', 'sedih', 'sakit', 'hati', 'Korang', 'sendiri', 'yang', 'buat', 'Why', 'not', 'korang', 'duduk', 'dalam', 'bilik', 'diam', 'diam', 'then', 'relax', 'kan', 'diri', 'korang', 'lepastu', 'minta', 'maaf', 'pada', 'diri', 'sendiri', 'Minta', 'maaf', 'sebab', 'selalu', 'menyakiti', 'diri', 'sendiri', 'kesian', 'diri', 'sendiri', 'Selalu', 'sedih', 'je'",korang pernah tak buat diri korang sedih sakit hati korang sendiri yang buat why not korang duduk dalam bilik diam diam then relax kan diri korang lepastu minta maaf pada diri sendiri minta maaf sebab selalu menyakiti diri sendiri kesian diri sendiri selalu sedih je
82580345,0.00061606,0.060989989,0.938393951,negative,Johor Bahru,bunuh diri,"Haritu', 'ada', 'dah', '2', '3', 'orang', 'member', 'aku', 'plan', 'nak', 'bunuh diri', 'sebab', 'pkp', 'sorang', 'tu', 'siap', 'tanya', 'aku', 'kat', 'mana', 'ayat', 'Quran', 'yg', 'cakap', 'bunuh diri', 'tu', 'masuk', 'neraka', 'sampai', 'bila', 'ni', 'kalau', 'jadi', 'lagi', 'skali', 'memang', 'betul', 'bunuh diri', 'member', 'aku', 'tu'",haritu ada dah 2 3 orang member aku plan nak bunuh diri sebab pkp sorang tu siap tanya aku kat mana ayat quran yg cakap bunuh diri tu masuk neraka sampai bila ni kalau jadi lagi skali memang betul bunuh diri member aku tu
2388686156,0.006401342,0.633732829,0.35986583,neutral,Johor Bahru,bunuh diri,"Yang', 'bunuh diri', 'Paradigm', 'tu', 'cikgu', 'kawan', 'nina', 'rupanya'",yang bunuh diri paradigm tu cikgu kawan nina rupanya
8.29E+17,0.00628163,0.62188133,0.371837041,neutral,Johor Bahru,kecewa,"'jiwa', 'ku', 'resah', 'apakah', 'kesudahan', 'kecewa', 'atau', 'pun', 'bahagia', 'ku', 'yakin', 'kan', 'diri', 'demi', 'rindu', 'ku', 'Siti', 'Nurhaliza', 'BidadariKirimanTuhan'",jiwa ku resah apakah kesudahan kecewa atau pun bahagia ku yakin kan diri demi rindu ku siti nurhaliza bidadarikirimantuhan
2816091025,0.008088861,0.80079726,0.191113879,neutral,Johor Bahru,#KitaJagaKita,"'Peringatan', 'untuk', 'diri', 'sendiri', 'KitaJagaKita'",peringatan untuk diri sendiri kitajagakita
7.07E+17,0.007775465,0.769771025,0.22245351,neutral,Johor Bahru,bunuh diri,"fxrahamirah', 'Tektik', 'bunuh diri', 'Hummmm'",fxrahamirah tektik bunuh diri hummmm
1.20E+18,0.000885124,0.087627314,0.911487562,negative,Johor Bahru,sedih,"'Sedih', 'rasa', 'semua', 'dah', 'ada', 'kawan', 'so', 'tinggal', 'aku', 'je', 'seorang', 'diri'",sedih rasa semua dah ada kawan so tinggal aku je seorang diri
1.11E+18,0.003710346,0.367324287,0.628965366,negative,Johor Bahru,bunuh diri,"wei', 'mama', 'cite', 'td', 'dlm', 'kete', 'ade', 'orang', 'bunuh diri', 'kt', 'jambatan', 'permas', 'AGAIN', 'demmmmm'",wei mama cite td dlm kete ade orang bunuh diri kt jambatan permas again demmmmm
1.05E+18,0.000506396,0.050133215,0.949360389,negative,Johor Bahru,sedih,"'Anyway', 'tadi', 'ada', 'sorang', 'ni', 'tanya', 'kalau', 'kau', 'mati', 'kau', 'tknk', 'org', 'dtg', 'ke', 'Yeap', 'fuckin', 'move', 'on', 'with', 'your', 'life', 'jangan', 'acah', 'acah', 'sedih', 'fuck', 'that', 'Dont', 'fucking', 'give', 'up', 'org', 'yg', 'dh', 'tkda', 'mmg', 'tkkan', 'ada', 'Jangan', 'acah', 'acah', 'simpati', 'baik', 'kau', 'perbaiki', 'diri', 'dari', 'meratap', 'aku', 'yang', 'dah', 'mati'",anyway tadi ada sorang ni tanya kalau kau mati kau tknk org dtg ke yeap fuckin move on with your life jangan acah acah sedih fuck that dont fucking give up org yg dh tkda mmg tkkan ada jangan acah acah simpati baik kau perbaiki diri dari meratap aku yang dah mati
267073076,0.000713487,0.070635197,0.928651316,negative,Johor Bahru,sedih,"sedih', 'bila', 'dgr', 'kes', 'kawan', 'baik', 'sendiri', 'kahwin', '9', 'tahun', 'selama', 'aku', 'kenal', 'laki', 'dia', 'adalah', 'jenis', 'yang', 'kuat', 'cemburu', 'alih', 'alih', 'laki', 'dia', 'yang', 'main', 'kayu', 'tiga', 'dengan', 'perempuan', 'lain', 'last', 'sekali', 'cerai', 'itu', 'lagi', 'bagus', 'dari', 'diri', 'tersiksa', 'takut'",sedih bila dgr kes kawan baik sendiri kahwin 9 tahun selama aku kenal laki dia adalah jenis yang kuat cemburu alih alih laki dia yang main kayu tiga dengan perempuan lain last sekali cerai itu lagi bagus dari diri tersiksa takut
482113541,0.006822698,0.675447137,0.317730164,neutral,Johor Bahru,bunuh diri,"cikwawa', 'hassan', 'cuba', 'bunuh diri'",cikwawa hassan cuba bunuh diri
586398859,0.001230159,0.121785766,0.876984074,negative,Johor Bahru,bunuh diri,"bunuh diri', 'jela', 'kalau', 'hidup', 'asyik', 'nak', 'puaskan', 'hidup', 'orang', 'lain', 'jeh', 'aku', 'ni', 'terkial', 'nak', 'hadap', 'orang', 'sana', 'nak', 'hadap', 'orang', 'sini'",bunuh diri jela kalau hidup asyik nak puaskan hidup orang lain jeh aku ni terkial nak hadap orang sana nak hadap orang sini
576260286,0.000254988,0.025243828,0.974501184,negative,Johor Bahru,bunuh diri,"kitorang', 'ade', 'masalah', 'family', 'yg', 'tak', 'dapat', 'nak', 'di', 'elak', 'kan', 'and', 'nyaris2', 'kitorang', 'tak', 'jadi', 'kawen', 'kalau', 'ikot', 'kan', 'time', 'tu', 'dah', 'redho', 'dah', 'konon', 'nya', 'takde', 'jodoh', 'sampai', 'satu', 'tahap', 'nak', 'bunuh diri', 'sbb', 'depress', 'sangat', 'tak', 'sanggup', 'dah', 'sbb', 'dugaan', 'terlampau', 'banyak'",kitorang ade masalah family yg tak dapat nak di elak kan and nyaris2 kitorang tak jadi kawen kalau ikot kan time tu dah redho dah konon nya takde jodoh sampai satu tahap nak bunuh diri sbb depress sangat tak sanggup dah sbb dugaan terlampau banyak
195690494,0.000762369,0.075474539,0.923763092,negative,Johor Bahru,marah,"'macam', 'mana', 'nak', 'menahan', 'diri', 'drpd', 'nak', 'marah', 'adik', 'aku', 'ni'",macam mana nak menahan diri drpd nak marah adik aku ni
1.05E+18,0.003516962,0.348179214,0.648303824,negative,Johor Bahru,kecewa,"'tiba2', 'rasa', 'kecewa', 'dengan', 'diri', 'sendiri', 'sebab', 'kecik2', 'suka', 'pisahkan', 'anak', 'ayam', 'dgn', 'ibu', 'dia'",tiba2 rasa kecewa dengan diri sendiri sebab kecik2 suka pisahkan anak ayam dgn ibu dia
1.03E+18,0.004999976,0.494997665,0.500002358,negative,Johor Bahru,kecewa,"aku', 'tercari', 'cari', 'dimana', 'diri', 'aku', 'yang', 'dahulu', 'yang', 'sering', 'gembira', 'dan', 'tidak', 'kenal', 'erti', 'kecewa', 'kembalilah', 'diriku', 'yang', 'dulu', 'aku', 'amat', 'merindukannya'",aku tercari cari dimana diri aku yang dahulu yang sering gembira dan tidak kenal erti kecewa kembalilah diriku yang dulu aku amat merindukannya 
14969221,0.000514197,0.050905519,0.948580283,negative,Johor Bahru,bunuh diri,"mesuthzrl', 'bila', 'ekonomi', 'down', 'akan', 'makin', 'ramai', 'orang', 'mabuk', 'merata', '-', 'rata', 'dan', 'kes', 'bunuh diri', 'pun', 'meningkat', 'kena', 'jaga', 'diri', 'kita', 'jangan', 'kita', 'jadi', 'mangsa'",mesuthzrl bila ekonomi down akan makin ramai orang mabuk meratarata dan kes bunuh diri pun meningkat kena jaga diri kita jangan kita jadi mangsa
1033479176,0.000697469,0.069049462,0.930253069,negative,Johor Bahru,bunuh diri,"masih', 'takda', 'kekuatan', 'untuk', 'tengok', 'video', 'yg', 'bunuh diri', 'time', 'live', 'tu', 'baca', 'komen', 'pun', 'dah', 'ngeri'",masih takda kekuatan untuk tengok video yg bunuh diri time live tu baca komen pun dah ngeri
7.49E+17,0.000729227,0.072193451,0.927077322,negative,Johor Bahru,bunuh diri,"taknak', 'tengok', 'video', 'lelaki', 'yg', 'buat', 'live', 'bunuh diri', 'tu', 'tapi', 'haritu', 'pernah', 'tertengok', 'vid', 'kat', 'mexico', 'rasanya', 'budak', 'tu', 'kena', 'sembelih', 'dgn', 'geng', 'kartel', 'kot', 'dahlah', 'pisau', 'tu', 'mcm', 'tumpul', 'dia', 'sembelih', 'byk', 'kali', 'kepala', 'budak', 'tu'",taknak tengok video lelaki yg buat live bunuh diri tu tapi haritu pernah tertengok vid kat mexico rasanya budak tu kena sembelih dgn geng kartel kot dahlah pisau tu mcm tumpul dia sembelih byk kali kepala budak tu
318394743,0.000852405,0.084388114,0.914759481,negative,Johor Bahru,bunuh diri,"tertengok', 'video', 'org', 'bunuh diri'",tertengok video org bunuh diri
3130772000,0.006367725,0.630404728,0.363227547,neutral,Johor Bahru,bunuh diri,"wehhh', 'aku', 'tengok', 'video', 'lelaki', 'bunuh diri', 'kat', 'fb', 'live', 'tuuu', 'semudah', 'itu', 'he', 'pulled', 'the', 'trigger', 'omg'",wehhh aku tengok video lelaki bunuh diri kat fb live tuuu semudah itu he pulled the trigger omg
1.24E+18,0.000472263,0.046754004,0.952773733,negative,Johor Bahru,sedih,"'teringat', 'masa', 'sekolah', 'dulu', 'rasa', 'sedih', 'sebab', 'kene', 'palau', 'ngan', 'budak2', 'yang', 'rasa', 'dieorg', 'hots', 'tahap', 'api', 'neraka', 'sebab', 'aku', 'tak', 'cantik', 'but', 'then', 'ade', 'seorang', 'kawan', 'ni', 'pesan', 'kat', 'aku', 'jangan', 'paksa', 'diri', 'kita', 'kawan', 'dengan', 'orang', 'yang', 'tak', 'nak', 'kawan', 'dengan', 'kita', 'sia', 'sia', 'thank', 'you', 'fifi'",teringat masa sekolah dulu rasa sedih sebab kene palau ngan budak2 yang rasa dieorg hots tahap api neraka sebab aku tak cantik but then ade seorang kawan ni pesan kat aku jangan paksa diri kita kawan dengan orang yang tak nak kawan dengan kita sia sia thank you fifi
286435864,0.001421673,0.140745655,0.857832671,negative,Johor Bahru,marah,"'pastu', 'marah', 'diri', 'sendiri', 'haha'",pastu marah diri sendiri haha
1116172591,0.003194621,0.316267503,0.680537876,negative,Johor Bahru,marah,"'aku', 'dulu', 'kuat', 'marah', 'jgk', 'kalau', 'mmber', 'amik', 'gambar', 'tak', 'cantik', 'tapi', 'akhirnya', 'aku', 'sedar', 'diri', 'jgk', 'betul', 'laa', 'brader', 'ni', 'cakap'",aku dulu kuat marah jgk kalau mmber amik gambar tak cantik tapi akhirnya aku sedar diri jgk betul laa brader ni cakap
566840981,0.004181462,0.413964779,0.581853759,negative,Johor Bahru,kecewa,"'someone', 'share', 'my', 'shared', 'post', 'on', 'facebook', 'about', 'kifarah', 'jangan', 'kecewakan', 'orang', 'and', 'so', 'on', 'which', 'is', 'clearly', 'she', 'is', 'one', 'of', 'yang', 'wujudkan', 'rasa', 'kecewa', 'dalam', 'diri', 'aku', 'and', 'i', 'was', 'like', 'eh', 'kena', 'kifarah', 'dah', 'ke', 'emosi'",someone share my shared post on facebook about kifarah jangan kecewakan orang and so on which is clearly she is one of yang wujudkan rasa kecewa dalam diri aku and i was like eh kena kifarah dah ke emosi
8.46E+17,0.006962593,0.689296672,0.303740735,neutral,Johor Bahru,#KitaJagaKita,"'healthtips', 'kitajagakita', 'masih', 'ada', 'kes', 'kan', 'sekarang', 'jadi', 'jangan', 'lalai', 'dan', 'jagalah', 'diri', 'anda', 'dan', 'keluarga', 'mari', 'bersama', '-', 'sama', 'kita', 'tamatkan', 'rantaian', 'penyakit', 'ini', 'segera', 'dah', 'tak', 'larat', 'nak', 'pakai', 'mask', 'dah'",healthtips kitajagakita masih ada kes kan sekarang jadi jangan lalai dan jagalah diri anda dan keluarga mari bersamasama kita tamatkan rantaian penyakit ini segera dah tak larat nak pakai mask dah
9.99E+17,0.003285304,0.325245097,0.671469599,negative,Johor Bahru,bunuh diri,"aku', 'xtahu', 'la', 'aku', 'nk', 'percaya', 'ur', 'tweet', 'over', 'nk', 'bunuh diri', 'tu', 'just', 'for', 'attention', 'ke', 'or', 'mmg', 'betul2', 'sbb', 'aku', 'kenal', 'kau', 'dari', 'form', '3', 'kau', 'mmg', 'sejenis', 'attention', 'seeker', 'anything', 'for', 'popularity'",aku xtahu la aku nk percaya ur tweet over nk bunuh diri tu just for attention ke or mmg betul2 sbb aku kenal kau dari form 3 kau mmg sejenis attention seeker anything for popularity
432529119,0.001169101,0.115740981,0.883089918,negative,Johor Bahru,marah,"'paling', 'puas', 'hati', 'cuci', 'kereta', 'sendiri', 'kalau', 'tak', 'kena', 'kat', 'mata', 'takkan', 'nak', 'marah', 'diri', 'sendiri', 'kan', 'tu', 'meroyan', 'namanya', 'hshshshahah'",paling puas hati cuci kereta sendiri kalau tak kena kat mata takkan nak marah diri sendiri kan tu meroyan namanya hshshshahah
1.14E+18,0.001589477,0.157358212,0.841052311,negative,Johor Bahru,kecewa,"'maaf', 'aku', 'terlalu', 'percaya', 'tapi', 'selalu', 'berakhir', 'kecewa', 'kini', 'aku', 'hanya', 'percaya', 'diri', 'sendiri', 'bukan', 'lagi', 'pada', 'manusia', 'yang', 'selalu', 'iri'",maaf aku terlalu percaya tapi selalu berakhir kecewa kini aku hanya percaya diri sendiri bukan lagi pada manusia yang selalu iri
1.24E+18,0.005334863,0.528151455,0.466513682,neutral,Johor Bahru,sedih,"'ya', 'allah', 'jika', 'kesedihan', 'ini', 'dapat', 'mendekatkan', 'diri', 'ku', 'kepada', 'mu', 'maka', 'hadirkanlah', 'rasa', 'sedih', 'ini', 'dengan', 'cara', 'yg', 'terbaik', 'buatku', 'agar', 'aku', 'sentiasa', 'beristighfar', 'mengenang', 'dosa', 'ku', 'kepada', 'mu', 'amin'",ya allah jika kesedihan ini dapat mendekatkan diri ku kepada mu maka hadirkanlah rasa sedih ini dengan cara yg terbaik buatku agar aku sentiasa beristighfar mengenang dosa ku kepada mu amin
8.08E+17,0.002585178,0.255932631,0.741482191,negative,Johor Bahru,bunuh diri,"bayern', 'menang', 'aku', 'bunuh diri'",bayern menang aku bunuh diri
626339788,0.000102476,0.010145107,0.989752418,negative,Johor Bahru,bunuh diri,"nak', 'gain', 'attention', 'sampai', 'sanggup', 'kelar', 'tangan', 'and', 'bila', 'orang', 'dah', 'kecam', 'sampai', 'kau', 'bunuh diri', 'ni', 'sebab', 'dalam', 'diri', 'tu', 'i', 'have', 'depression', 'and', 'i', 'should', 'get', 'attention', 'from', 'socmed', 'malas', 'nak', 'explain', 'benda', 'logic', 'akal', 'tapi', 'kalau', 'tak', 'buat', 'benda', 'bodoh', 'ni', 'bukan', 'manusialah', 'dia'",nak gain attention sampai sanggup kelar tangan and bila orang dah kecam sampai kau bunuh diri ni sebab dalam diri tu i have depression and i should get attention from socmed malas nak explain benda logic akal tapi kalau tak buat benda bodoh ni bukan manusialah dia
1.11E+18,0.001397406,0.138343241,0.860259353,negative,Johor Bahru,bunuh diri,"artis', 'korea', 'is', 'on', 'another', 'level', 'diorang', 'record', 'lepastu', 'terus', 'bunuh diri'",artis korea is on another level diorang record lepastu terus bunuh diri
195690494,0.000857996,0.084941592,0.914200412,negative,Johor Bahru,kecewa,"'lama', 'kot', 'aku', 'tahan', 'diri', 'nak', 'hiking', 'tu', 'tautau', 'dia', 'pi', 'dgn', 'kawan', 'dia', 'tu', 'pun', 'aku', 'tau', 'dari', 'umi', 'sumpah', 'aku', 'kecewa', 'gila', 'tahap', 'cipan', 'dah', 'ni', 'adik', 'sendiri', 'pun', 'buat', 'kita', 'rasa', 'mcm', 'ni'",lama kot aku tahan diri nak hiking tu tautau dia pi dgn kawan dia tu pun aku tau dari umi sumpah aku kecewa gila tahap cipan dah ni adik sendiri pun buat kita rasa mcm ni 
175946603,0.0009086,0.08995138,0.90914002,negative,Johor Bahru,sedih,"'sampaikan', 'dulu', 'dia', 'asyik', 'rasa', 'rendah', 'diri', 'je', 'arghhh', 'asal', 'aku', 'teringat', 'plak', 'ni', 'sedih', 'siak'",sampaikan dulu dia asyik rasa rendah diri je arghhh asal aku teringat plak ni sedih siak
1.07E+18,0.001790565,0.177265925,0.82094351,negative,Johor Bahru,sedih,"'sedih', 'bile', 'dgr', 'org', 'yg', 'kite', 'sayang', 'buat', 'diri', 'kite', 'rasa', 'mcm', 'kite', 'akan', 'menghilangkan', 'dia', 'org', 'yg', 'sayangkan', 'kite', 'takkan', 'pernah', 'buat', 'kite', 'rasa', 'gitu'",sedih bile dgr org yg kite sayang buat diri kite rasa mcm kite akan menghilangkan dia org yg sayangkan kite takkan pernah buat kite rasa gitu
195690494,0.001572981,0.155725076,0.842701944,negative,Johor Bahru,sedih,"'aku', 'tak', 'suka', 'kalau', 'orang', 'comparecompare', 'ni', 'tak', 'kira', 'la', 'dengan', 'sesiapa', 'pun', 'aku', 'taknak', 'adik2', 'aku', 'sedih', 'and', 'rasa', 'diri', 'dorang', 'tak', 'pandai', 'walhal', 'dorang', 'pandai', 'tau', 'aku', 'suka', 'tgk', 'study', 'journey', 'dorang', '&', 'amp', 'efforts', 'study', 'lain', 'drpd', 'aku', 'aku', 'ni', 'biasa', 'je', 'pun', 'dgn', 'last', 'min', 'yg', 'tak', 'boleh', 'brain'",aku tak suka kalau orang comparecompare ni tak kira la dengan sesiapa pun aku taknak adik2 aku sedih and rasa diri dorang tak pandai walhal dorang pandai tau aku suka tgk study journey dorang &amp efforts study lain drpd aku aku ni biasa je pun dgn last min yg tak boleh brain
4177370774,0.000112525,0.011139949,0.988747527,negative,Johor Bahru,marah,"'wansyazwanaa', 'tak', 'nampak', 'mana', 'satu', 'gurauan', 'dia', 'haih', 'diri', 'sendiri', 'sengaja', 'tweet', 'bodoh', 'macam', 'tu', 'pastu', 'nak', 'marah', 'bila', 'orang', 'bitter'",wansyazwanaa tak nampak mana satu gurauan dia haih diri sendiri sengaja tweet bodoh macam tu pastu nak marah bila orang bitter 
1.20E+18,0.001203947,0.119190761,0.879605292,negative,Johor Bahru,kecewa,"'jangan', 'terlalu', 'menaruh', 'hati', 'nnt', 'kecewa', 'diri'",jangan terlalu menaruh hati nnt kecewa diri
1620247110,0.000467066,0.046239551,0.953293382,negative,Johor Bahru,bunuh diri,"kes', 'bunuh diri'",kes bunuh diri
14969221,0.002827452,0.279917723,0.717254825,negative,Johor Bahru,bunuh diri,"bila', 'ekonomi', 'tak', 'cun', 'kes', 'bunuh diri', 'makin', 'meningkat'",bila ekonomi tak cun kes bunuh diri makin meningkat
1902268842,0.001308674,0.129558681,0.869132646,negative,Johor Bahru,#KitaJagaKita,"'kerajaan', 'telah', 'mewajibkan', 'pemakaian', 'pelitup', 'muka', 'di', 'tempat', 'awam', 'mulai', '1', 'ogos', '2020', 'denda', 'rm', '1000', 'bakal', 'dikenakan', 'kepada', 'yang', 'ingkar', 'dengan', 'arahan', 'ini', 'sama2', 'kita', 'lindungi', 'diri', 'dan', 'keluarga', 'pelitup', 'muka', 'mampu', 'mengurangkan', 'risiko', 'jangkitan', 'covid19', 'kitajagakita'",kerajaan telah mewajibkan pemakaian pelitup muka di tempat awam mulai 1 ogos 2020 denda rm 1000 bakal dikenakan kepada yang ingkar dengan arahan ini sama2 kita lindungi diri dan keluarga pelitup muka mampu mengurangkan risiko jangkitan covid19 kitajagakita 
366089337,0.003375129,0.334137733,0.662487139,negative,Johor Bahru,#COVID19,"'guys', 'owner', 'kedai', 'nasi', 'kandar', 'ni', 'anak', 'dia', '4', 'pekerja', 'asing', 'positif', 'covid19', 'lepas', '2nd', 'test', 'kepada', 'bekas', 'pelanggan', 'tolonglah', 'sedar', 'diri', 'pergi', 'buat', 'test', 'jangan', 'susahkan', 'orang', 'lain', 'sampai', 'pkp', 'dikuatkuasa', 'semula', 'kluster', 'sivagangga', 'semakin', 'merebak', 'merbahaya'",guys owner kedai nasi kandar ni anak dia  4 pekerja asing positif covid19 lepas 2nd test kepada bekas pelanggan tolonglah sedar diri pergi buat test jangan susahkan orang lain sampai pkp dikuatkuasa semula kluster sivagangga semakin merebak  merbahaya
844534712,0.005001735,0.49517175,0.499826515,negative,Johor Bahru,kecewa,"'dah', 'rasa', 'kecewa', 'yang', 'amat', 'ni', 'alang2', 'kita', 'treat', 'diri', 'sendiri', 'dengan', 'makanan', 'tak', 'perlu', 'fikir', 'keduniaan', 'yang', 'maha', 'perit', 'ni', 'hahaha'",dah rasa kecewa yang amat ni alang2 kita treat diri sendiri dengan makanan tak perlu fikir keduniaan yang maha perit ni hahaha
7.14E+17,0.002446159,0.242169697,0.755384145,negative,Johor Bahru,bunuh diri,"ni', 'budak', 'yang', 'bombakan', 'selamat', 'orang', 'bunuh diri'",ni budak yang bombakan selamat orang bunuh diri
4897380276,0.162988028,0.828641852,0.00837012,neutral,Johor Bahru,bunuh diri,"ellysharozario1', 'andiyusallim', 'jamesroy', 'iman', 'ni', 'dikuatkan', 'untuk', 'tindakan', 'yg', 'diambil', 'andai', 'iman', 'tu', 'kuat', 'berfikir', 'panjang', 'dan', 'bnyak', 'muhasabah', 'diri', 'dia', 'akan', 'pergi', 'jumpa', 'pakar', 'dan', 'bukan', 'ambik', 'langkah', 'mudah', 'untuk', 'bunuh diri'",ellysharozario1 andiyusallim jamesroy iman ni dikuatkan untuk tindakan yg diambil andai iman tu kuat berfikir panjang dan bnyak muhasabah diri dia akan pergi jumpa pakar dan bukan ambik langkah mudah untuk bunuh diri
1.05E+18,0.02878878,0.961499108,0.009712112,neutral,Johor Bahru,bunuh diri,"chemassitah', 'takpe', 'sabar', 'i', 'know', 'ni', 'bukan', 'masalah', 'kuat', 'ke', 'tak', 'kuat', 'kita', 'je', 'tahu', 'apa', 'kita', 'rasa', 'i', 'pernah', 'jumpah', 'yg', '4', 'kali', 'cuba', 'bunuh diri', 'mereka', 'cuma', 'has', 'reached', 'their', ",chemassitah takpe sabar i know ni bukan masalah kuat ke tak kuat kita je tahu apa kita rasa i pernah jumpah yg 4 kali cuba bunuh diri mereka cuma has reached their limits terus kuatkan diri ramai lagi yg masih tunggu dan sayang kita kat dunia ni so be happy
333316043,0.004999493,0.494949768,0.500050739,negative,Johor Bahru,#KitaJagaKita,"'limits', 'terus', 'kuatkan', 'diri', 'ramai', 'lagi', 'yg', 'masih', 'tunggu', 'dan', 'sayang', 'kita', 'kat', 'dunia', 'ni', 'so', 'be', 'happy'",misamuddinisa ya jangan bagi muka #kitajagakita tapi kalau ada orang yang perangai pentingkan diri tak jadi apa juga kerajaan kena tegas
1.01E+18,0.002276548,0.225378265,0.772345187,negative,Johor Bahru,sedih,"'semalam', 'masa', 'aku', 'lepak', 'tunggu', 'sunset', 'ada', '2', 'orang', 'brother', 'ni', 'duduk', 'dekat', 'boleh', 'dengar', 'lah', 'dorang', 'sembang', 'cerita', 'pasal', 'life', 'nak', 'kawen', 'semua', 'masalah', 'masing', 'just', 'nice', 'lah', 'that', 'kind', 'of', 'friendship', 'member', 'macam', 'ni', 'lah', 'kalau', 'sorang', 'pergi', 'rasa', 'diri', 'ni', 'lost', 'and', 'sedih', 'gila2'",semalam masa aku lepak tunggu sunset ada 2 orang brother ni duduk dekat boleh dengar lah dorang sembang cerita pasal life nak kawen semua masalah masing just nice lah that kind of friendship member macam ni lah kalau sorang pergi rasa diri ni lost and sedih gila2
195690494,0.003340413,0.330700926,0.66595866,negative,Johor Bahru,marah,"'bulan', 'selalu', 'marah', 'aku', 'sebab', 'cakap', 'diri', 'sendiri', 'tak', 'cantik', 'weh', 'ayuayu', 'dia', 'pun', 'garangggg', 'tau', 'tacoddd', 'betholll', 'aye', 'ni', 'hahahaha', 'dia', 'la', 'selalu', 'reminds', 'aku', 'yang', 'aku', 'ni', 'cantik', ",bulan selalu marah aku sebab cakap diri sendiri tak cantik  weh ayuayu dia pun garangggg tau tacoddd betholll aye ni hahahaha dia la selalu reminds aku yang aku ni cantik adoi banyak a member marah aku sbb cakap centu  garang aaa depa ni
390083210,0.004887693,0.483881616,0.511230691,negative,Johor Bahru,bunuh diri,"'adoi', 'banyak', 'a', 'member', 'marah', 'aku', 'sbb', 'cakap', 'centu', 'garang', 'aaa', 'depa', 'ni'",imtiazrazali kepala hotak makan pills macam nak bunuh diri wehbanyak siaaaa
1.07E+18,0.00156856,0.155287403,0.843144038,negative,Johor Bahru,marah,"'ingat', 'dah', 'paling', 'sistor', 'la', 'tu', 'marah', 'maki', 'hamun', 'guard', 'macam', 'tu', '?', 'setahu', 'aku', 'mask', 'ni', 'dah', 'jadi', 'keperluan', 'untuk', 'kita', 'dalam', 'keadaan', 'macam', 'ni', 'dah', 'terang', 'terang', 'salah', 'diri', 'sendiri', 'tak', 'pakai', 'mask', 'then', 'u', 'should', 'follow', 'the', 'rules', 'lah'",ingat dah paling sistor la tu marah maki hamun guard macam tu? setahu aku mask ni dah jadi keperluan untuk kita dalam keadaan macam ni dah terang terang salah diri sendiri tak pakai mask then u should follow the rules lah
8.73E+17,0.0053201,0.526689862,0.467990039,neutral,Johor Bahru,bunuh diri,"hahahahahha', 'nak', 'bunuh diri', 'sempat', 'buat', 'somersault'",hahahahahha nak bunuh diri sempat buat somersault
2412570463,0.00154327,0.152783774,0.845672956,negative,Johor Bahru,marah,"'bila', 'teringat', 'balik', 'sumpah', 'cetannnn', 'skunk', 'ni', 'kalau', 'dia', 'ada', 'ura2', 'nak', 'marah', 'je', 'aku', 'dah', 'larikan', 'diri', 'kalau', 'tak', 'nanti', 'aku', 'nangis', 'wkwkwkwkwk'",bila teringat balik sumpah cetannnn skunk ni kalau dia ada ura2 nak marah je aku dah larikan diri kalau tak nanti aku nangis wkwkwkwkwk
2906909736,0.004841876,0.479345697,0.515812428,negative,Johor Bahru,bunuh diri,"tzcaa', 'u', 'pakai', 'tudung', 'lilit', 'macam', 'nak', 'bunuh diri', 'pun', 'tetap', 'nampak', 'cantik', 'sayang'",tzcaa u pakai tudung lilit macam nak bunuh diri pun tetap nampak cantik sayang 
555967589,0.00022241,0.022018573,0.977759018,negative,Johor Bahru,kecewa,"'baru', 'aku', 'perasan', 'aku', 'makan', 'banyak', 'nie', 'sebenarnya', 'aku', 'protes', 'diri', 'sendiri', 'aku', 'stress', 'kecewa', 'semua', 'laaa', 'akhirnya', 'aku', 'makan'",baru aku perasan aku makan banyak nie sebenarnya aku protes diri sendiri aku stress kecewa semua laaa akhirnya aku makan
435578661,0.000906526,0.089746049,0.909347425,negative,Johor Bahru,sedih,"'tapi', 'takpelah', 'mula2', 'sedih', 'sunyi', 'nanti', 'lama2', 'dah', 'okay', 'lah', 'kan', 'nak', 'adapt', 'keadaan', 'kan', 'faham', 'je', 'pergi', 'atas', 'sebab', 'kerja', 'pujuk', 'diri', 'sendiri', 'selalu'",tapi takpelah mula2 sedih sunyi nanti lama2 dah okay lah kan nak adapt keadaan kan faham je pergi atas sebab kerja pujuk diri sendiri selalu
453898572,0.003690189,0.365328685,0.630981126,negative,Johor Bahru,bunuh diri,"hanifjamals', 'kadang', 'kadang', 'terfikir', 'nak', 'cari', 'bini', 'tp', 'tengok', 'cermin', 'rasa', 'nak', 'bunuh diri'",hanifjamals kadang kadang terfikir nak cari bini tp tengok cermin rasa nak bunuh diri
598519903,0.003213513,0.318137748,0.67864874,negative,Johor Bahru,sedih,"'pernah', 'dengar', 'tak', 'bila', 'kita', 'makan', 'coklat', 'dapat', 'kurangkan', 'rasa', 'stress', 'dalam', 'diri', 'kita', '?', 'bila', 'sedih', 'cari', 'coklat', 'bila', 'moody', 'terbayangkan', 'coklat', 'tak', 'kiralah', 'coklat', 'dalam', 'jenis', 'macam', 'mana', 'pun', 'samada', 'coklat', 'bar'",pernah dengar tak bila kita makan coklat dapat kurangkan rasa stress dalam diri kita? bila sedih cari coklat bila moody terbayangkan coklat tak kiralah coklat dalam jenis macam mana pun samada coklat bar
1067415775,0.001093821,0.108288236,0.890617944,negative,Johor Bahru,sedih,"tengok', 'org', 'lain', 'kene', 'cut', 'gaji', 'mcm2', 'dugaan', 'last2', 'kena', 'kt', 'diri', 'sndri', 'kena', 'paksa', 'amek', 'al', 'sedih', 'sape', 'xde', 'al', 'kne', 'unpaid', 'sampai', 'la', 'everything', 'okay'",tengok org lain kene cut gaji mcm2 dugaan last2 kena kt diri sndri kena paksa amek al sedih sape xde al kne unpaid sampai la everything okay
1.19E+18,0.001561553,0.154593754,0.843844693,negative,Johor Bahru,muram,"'kadangkadang', 'kita', 'mewujudkan', 'rasa', 'sakit', 'hati', 'dalam', 'diri', 'kita', 'melalui', 'jangkaan', 'kita', 'kadang', 'itulah', 'penyebab', 'hati', 'jadi', 'muram'",kadangkadang kita mewujudkan rasa sakit hati dalam diri kita melalui jangkaan kita kadang itulah penyebab hati jadi muram
195690494,0.002745452,0.271799733,0.725454815,negative,Johor Bahru,marah,"'okay', 'saya', 'lega', 'bercakap', 'jujur', 'dgn', 'mak', 'saya', 'bahawa', 'saya', 'shopping', 'sekiannya', 'dia', 'gelak', 'je', 'mampu', 'nak', 'marah', 'pun', 'bukan', 'dapat', 'duit', 'pun', 'sorry', 'maderrr', 'saya', 'stress', 'la', 'buat', 'fyp', 'insyaallah', 'settle', 'fyp', 'ni', 'confirm', 'siuman', 'nafsu', 'serakah', 'tu', 'saya', 'jarang', 'shopping', 'untuk', 'diri', 'sendiri'",okay saya lega bercakap jujur dgn mak saya bahawa saya shopping sekiannya dia gelak je mampu nak marah pun bukan dapat duit pun sorry maderrr saya stress la buat fyp insyaallah settle fyp ni confirm siuman nafsu serakah tu saya jarang shopping untuk diri sendiri
955037196,0.002826726,0.279845825,0.71732745,negative,Johor Bahru,bunuh diri,"mrizzulad', 'tu', 'ah', 'tu', 'gg', 'dah', 'viral', 'boleh', 'dah', 'bunuh diri'",mrizzulad tu ah tu gg dah viral boleh dah bunuh diri
555967589,0.000943976,0.093453601,0.905602423,negative,Johor Bahru,sedih,"'tiap', 'kali', 'macam', 'nie', 'mesti', 'rasa', 'sedih', 'sangat', 'rasa', 'macam', 'diri', 'tu', 'memang', 'dah', 'tak', 'layak', 'sangat', 'dah', 'tak', 'ada', 'peluang', 'tapi', 'tetap', 'nak', 'teruskan', 'nak', 'tunggu', 'aturan', 'allah', 'tak', 'pernah', 'salah', 'meskipon', 'kau', 'terpaksa', 'rasa', 'sakit'",tiap kali macam nie mesti rasa sedih sangat rasa macam diri tu memang dah tak layak sangat dah tak ada peluang tapi tetap nak teruskan nak tunggu aturan allah tak pernah salah meskipon kau terpaksa rasa sakit
965976848,0.000731362,0.072404799,0.92686384,negative,Johor Bahru,kecewa,"'kecewa', 'dengan', 'diri', 'sendiri', 'bila', 'org', 'sekeliling', 'masih', 'nampak', 'kau', 'teruk'",kecewa dengan diri sendiri bila org sekeliling masih nampak kau teruk
99484506,0.489603229,0.505292804,0.005103968,neutral,Johor Bahru,#KitaJagaKita,"terapikan', 'diri', 'jap', 'normabaharu', 'kitajagakita', 'staysafe', 'stayhealthy', 'kedai', 'gunting', 'rambut', 'mravi'",terapikan diri jap normabaharu kitajagakita staysafe stayhealthy  kedai gunting rambut mravi 
399107472,0.009491501,0.939658553,0.050849947,neutral,Johor Bahru,sedih,"'hzqhssn', 'aku', 'tak', 'suka', 'nmpk', 'org', 'sedih', 'so', 'aku', 'terbalikkan', 'diri', 'fikir', 'nmpk', 'drg', 'mcm', 'senyum', 'gitew'",hzqhssn aku tak suka nmpk org sedih so aku terbalikkan diri fikir nmpk drg mcm senyum gitew
1919705046,0.000282307,0.027948387,0.971769306,negative,Johor Bahru,bunuh diri,"tak', 'semua', 'baju', 'bundle', 'itu', 'berhantu', 'yang', 'berhantu', 'tu', 'biasa', 'mati', 'dibunuh', 'bunuh diri', 'eksiden'",tak semua baju bundle itu berhantu yang berhantu tu biasa mati dibunuh bunuh diri eksiden
636403818,0.000844377,0.083593298,0.915562325,negative,Johor Bahru,sedih,"'bila', 'diingat', 'balik', 'aku', 'sedih', 'gila', 'bila', 'kau', 'gunakan', 'aku', 'demi', 'kepentingan', 'kau', 'sendiri', 'salah', 'aku', 'juga', 'sbb', 'terlalu', 'percaya', 'sampai', 'hati', 'sendiri', 'terabai', 'aku', 'terkapai2', 'sendiri', 'nak', 'kuatkan', 'diri', 'balik', 'orang', 'tgk', 'aku', 'happy', 'tapi', 'hati', 'hancur', 'ni', 'tuhan', 'je', 'tahu'",bila diingat balik aku sedih gila bila kau gunakan aku demi kepentingan kau sendiri salah aku juga sbb terlalu percaya sampai hati sendiri terabai aku terkapai2 sendiri nak kuatkan diri balik orang tgk aku happy tapi hati hancur ni tuhan je tahu
7.53E+17,0.003740653,0.370324642,0.625934705,negative,Johor Bahru,sedih,"'kebahagiaan', 'diri', 'kau', 'kena', 'cari', 'sendiri', 'tak', 'ada', 'siapa', 'pun', 'kisah', 'tentang', 'diri', 'kau', 'apatah', 'lagi', 'bila', 'kau', 'sedih', 'mengharapkan', 'orang', 'faham', 'kau', 'jangan', 'trus', 'me', 'kau', 'yang', 'rasa', 'sakit', 'nanti', 'stay', 'strong'",kebahagiaan diri kau kena cari sendiri tak ada siapa pun kisah tentang diri kau apatah lagi bila kau sedih mengharapkan orang faham kau jangan trus me kau yang rasa sakit nanti stay strong
937464036,0.003649171,0.361267952,0.635082877,negative,Johor Bahru,bunuh diri,"narugissu', 'eh', 'tak', 'la', 'tu', 'teddy', 'bear', 'je', 'tergantung', 'mcm', 'bunuh diri'",narugissu eh tak la tu teddy bear je tergantung mcm bunuh diri
2206639022,0.000190352,0.018844882,0.980964766,negative,Johor Bahru,marah,"'semua', 'yg', 'mak', 'aku', 'kata', 'aku', 'menjawab', 'pastu', 'dia', 'marah', 'sbb', 'aku', 'menjawab', 'pastu', 'aku', 'cakap', 'la', 'hbistu', 'bnde', 'tu', 'salah', 'bukan', 'aku', 'yg', 'buat', 'tapi', 'salahkan', 'aku', 'ye', 'aku', 'menjawab', 'pastu', 'dia', 'kata', 'cuba', 'diam', 'je', 'mana', 'mungkin', 'kene', 'tuduh', 'buat', 'salah', 'aku', 'tak', 'defend', 'diri'",semua yg mak aku kata aku menjawab pastu dia marah sbb aku menjawab pastu aku cakap la hbistu bnde tu salah bukan aku yg buat tapi salahkan aku ye aku menjawab pastu dia kata cuba diam je mana mungkin kene tuduh buat salah aku tak defend diri
2206639022,0.003112305,0.308118221,0.688769474,negative,Johor Bahru,bunuh diri,"myseramedusa', 'eeeeeee', 'nape', 'meow', 'main', 'kat', 'jalan', 'dah', 'lah', 'kucing', 'aku', 'buat', 'cobaan', 'bunuh diri', '\xad', 'dia', 'tanak', 'jadi', 'anak', 'aku', 'dh', 'keeeeee'",myseramedusa eeeeeee nape meow main kat jalan­ dah lah kucing aku buat cobaan bunuh diri dia tanak jadi anak aku dh keeeeee
1.06E+18,0.013982327,0.976157496,0.009860177,neutral,Johor Bahru,sedih,"melabel', 'dan', 'menekan', 'keluar', 'dihina', 'di', 'dalam', 'dicacimereka', 'juga', 'ada', 'maruah', 'diri', 'perlu', 'dijaga', 'selain', 'dari', 'prinsip', 'dan', 'idealisma', 'yang', 'di', 'dokong', 'saya', 'sedih', 'dengan', 'pengumuman', 'yb', '@', 'drdaroyahalwi', 'tapi', 'menghormati', 'dan', 'paham', 'situasi', 'ini', 'slamat', 'maju', 'bersama', 'akukeadilan'",melabel dan menekan keluar dihina di dalam dicacimereka juga ada maruah diri perlu dijaga selain dari prinsip dan idealisma yang di dokong saya sedih dengan pengumuman yb drdaroyahalwi tapi menghormati dan paham situasi ini slamat maju bersama aku keadilan
9.59E+17,0.00658271,0.651688312,0.341728978,neutral,Johor Bahru,sedih,"'sedih', 'dengan', 'diri', 'sendiri', 'i', 'dont', 'know', 'how', 'to', 'explain', 'i', 'did', 'my', 'best', 'but', 'still', 'not', 'good', 'enough', 'how', 'i', 'wish', 'i', 'can', 'delete', 'this', 'pain', ""i'm"", 'tired'",sedih dengan diri sendiri i dont know how to explain i did my best but still not good enough how i wish i can delete this pain i'm tired
2171911296,0.002147321,0.212584814,0.785267865,negative,Johor Bahru,marah,"'baju', 'berbeg2', 'lepas', 'tu', 'tak', 'tahu', 'nak', 'pakai', 'baju', 'apa', 'haiihhh', 'marah', 'dgn', 'diri', 'sendiri', 'tau'",baju berbeg2 lepas tu tak tahu nak pakai baju apa haiihhh marah dgn diri sendiri tau
2889902286,0.001423245,0.140901242,0.857675513,negative,Johor Bahru,kecewa,"'belum', 'belum', 'dah', 'kecewa', 'dgn', 'diri', 'sendiri', 'bengong', 'bangun', 'la', 'oii'",belum belum dah kecewa dgn diri sendiri bengong bangun la oii
429058233,0.000131731,0.013041321,0.986826949,negative,Johor Bahru,bunuh diri,"'ibcig', 'apa', 'yang', 'susah', 'sangat', 'kalau', 'kau', 'tengok', 'dari', 'tong', 'sampah', 'yang', 'penuh', 'tak', 'terbuang', 'bekas', 'ashtray', 'pun', 'penuh', 'kau', 'dah', 'boleh', 'agak', 'dia', 'mengalami', 'depression', 'stress', 'so', 'ia', 'diklasifikasikan', 'sebagai', 'bunuh', 'diri', 'takde', 'kanun', 'keseksaan', 'dalam', 'kes', 'ni'",ibcig apa yang susah sangat kalau kau tengok dari tong sampah yang penuh tak terbuang bekas ashtray pun penuh kau dah boleh agak dia mengalami depression  stress so ia diklasifikasikan sebagai bunuh diri takde kanun keseksaan dalam kes ni
1025810876,0.002881119,0.285230813,0.711888067,negative,Johor Bahru,bunuh diri,"my', 'relationship', 'with', 'my', 'mom', 'sangat', 'terganggu', 'ye', 'lepas', 'tu', 'maybe', 'she', 'still', ""can't"", 'accept', 'who', 'i', 'am', 'maybe', 'lah', 'mental', 'aku', 'terganggu', 'teruk', 'self', 'harming', 'suicidal', 'thoughts', 'and', 'aku', 'sampai', 'mimpi', 'aku', 'bunuh', 'diri', 'ye', 'until', 'now', 'my', 'mom', 'keep', 'going', 'said', 'taubat', 'to', 'me'",my relationship with my mom sangat terganggu ye lepas tu  maybe she still can't accept who i am maybe lah mental aku terganggu teruk self harming suicidal thoughts and aku sampai mimpi aku bunuh diri ye until now my mom keep going said taubat to me
1021625328,0.001186051,0.117419032,0.881394917,negative,Johor Bahru,bunuh diri,"'ibcig', 'tkkn', 'lah', 'bunuh', 'diri', 'tapi', 'tgn', 'still', 'pegang', 'pistol'",ibcig tkkn lah bunuh diri tapi tgn still pegang pistol
2423772914,0.001665667,0.164901062,0.83343327,negative,Johor Bahru,marah,"'yeolahv', 'aah', 'betul', 'juga', 'cuma', 'pergerakan', 'jadi', 'lambatndan', 'emosi', 'tu', 'hahaha', 'semuanya', 'salah', 'pastu', 'marah', 'diri', 'sendiri', 'tapi', 'kalau', 'nk', 'buat', 'kerja', 'tu', 'tak', 'tahu', 'la', 'dari', 'mana', 'dtg', 'nya', 'kekuatan', 'perempuan', 'ni'",yeolahv aah betul juga cuma pergerakan jadi lambatndan emosi tu hahaha semuanya salah pastu marah diri sendiri tapi kalau nk buat kerja tu tak tahu la dari mana dtg nya kekuatan perempuan ni
1.22E+18,0.000502981,0.04979512,0.949701899,negative,Johor Bahru,marah,"'orang', 'yang', 'kuat', 'bukan', 'orang', 'yang', 'menang', 'dalam', 'peperangan', 'tapi', 'orang', 'yang', 'dapat', 'menguasai', 'diri', 'dia', 'bila', 'dia', 'tengah', 'marah'",orang yang kuat bukan orang yang menang dalam peperangan tapi orang yang dapat menguasai diri dia bila dia tengah marah
7.66E+17,0.005937826,0.587844811,0.406217362,neutral,Johor Bahru,bunuh diri,"'batrisyiaamira9', 'puterinbilah', 'siapa', 'je', 'nak', 'layan', 'kau', 'xau', 'put', 'pun', 'dah', 'penat', 'bunuh', 'diri', 'je', 'laa'",batrisyiaamira9 puterinbilah siapa je nak layan kau xau put pun dah penat bunuh diri je laa
7.09E+17,0.000639804,0.06334059,0.936019606,negative,Johor Bahru,sedih,"'dah', 'la', 'jangan', 'menangis', 'dan', 'sedih', 'ada', 'sebab', 'kenapa', 'ditakdirkan', 'macam', 'tu', 'mungkin', 'satu', 'signal', 'petanda', 'dari', 'tuhan', 'yang', 'mulai', 'sekarang', 'kau', 'perlu', 'bahagiakan', 'diri', 'sendiri', 'daripada', 'duk', 'mengharap', 'kebahagiaan', 'daripada', 'orang', 'lain', 'dah', 'dah', 'jangan', 'nangis', 'lagi'",dah la jangan menangis dan sedih ada sebab kenapa ditakdirkan macam tu mungkin satu signal  petanda dari tuhan yang mulai sekarang kau perlu bahagiakan diri sendiri daripada duk mengharap kebahagiaan daripada orang lain dah dah jangan nangis lagi
636403818,0.002485782,0.246092433,0.751421785,negative,Johor Bahru,sedih,"'lagi', 'sedih', 'sbb', 'dia', 'rasa', 'diri', 'dia', 'je', 'betul', 'screenshot', 'pastu', 'post', 'kt', 'ig', 'dia', 'modal', 'yang', 'sama', 'je', 'ops', 'hehe'",lagi sedih sbb dia rasa diri dia je betul screenshot pastu post kt ig dia modal yang sama je ops hehe
1.10E+18,0.000982147,0.097232591,0.901785261,negative,Johor Bahru,marah,"'nukilansangseroja', 'jangan', 'disbbkn', 'kau', 'malu', 'bertanya', 'kau', 'biarkan', 'diri', 'kau', 'dalam', 'kebodohan', 'dan', 'terus', 'hidup', 'dalam', 'kebodohan', 'lepastu', 'org', 'panggil', 'kau', 'bodoh', 'kau', 'marah'",nukilansangseroja jangan disbbkn kau malu bertanya kau biarkan diri kau dalam kebodohan dan terus hidup dalam kebodohan lepastu org panggil kau bodoh kau marah
4834342153,0.002519888,0.249468914,0.748011198,negative,Johor Bahru,marah,"'tu', 'la', 'nak', 'marah', 'org', 'lain', 'pon', 'nanti', 'diri', 'sendiri', 'keluar', 'jugak', 'senang', 'kata', 'jaga', 'diri', 'masing2', 'kot'",tu la nak marah org lain pon nanti diri sendiri keluar jugak senang kata jaga diri masing2 kot
195690494,0.002031051,0.201074021,0.796894928,negative,Johor Bahru,marah,"'kalau', 'in', 'convo', 'aku', 'menghilang', 'sama', 'ada', 'aku', 'tengah', 'menahan', 'diri', 'untuk', 'marah', 'atau', 'tidurrr', 'tp', 'tidur', 'tu', 'jarang', 'la', 'ya'",kalau in convo aku menghilang sama ada aku tengah menahan diri untuk marah atau tidurrr tp tidur tu jarang la ya
483200183,0.008052166,0.797164476,0.194783358,neutral,Johor Bahru,sedih,"'hari', 'raya', 'pertama', 'tahun', 'ni', 'berlalu', 'dengan', 'productive', 'untuk', 'aku', 'untuk', 'mengelak', 'rasa', 'sedih', 'yang', 'berpanjangan', 'aku', 'rajinkan', 'diri', 'untuk', 'writing', 'paper', 'for', 'conference', 'hampir', 'siap', 'esok', 'tinggal', 'sambung', 'bahagian', 'analysis', 'je'",hari raya pertama tahun ni berlalu dengan productive untuk aku untuk mengelak rasa sedih yang berpanjangan aku rajinkan diri untuk writing paper for conference hampir siap esok tinggal sambung bahagian analysis je
7.07E+17,0.003369368,0.333567461,0.663063171,negative,Johor Bahru,sedih,"'lalu', 'aku', 'memilih', 'untuk', 'tidur', 'dan', 'diamkan', 'diri', 'pedih', 'dan', 'sedih', 'combo', '46'",lalu aku memilih untuk tidur dan diamkan diri pedih dan sedih combo 46
587442794,0.450949147,0.543560344,0.005490509,neutral,Johor Bahru,sedih,"'subuh', 'gini', 'dengar', 'takbir', 'raya', 'ya', 'allah', 'sejujurnya', 'sedih', 'diri', 'ni', 'tinggalkan', 'ramadan', 'kali', 'ni', 'idk', 'why', 'but', 'im', 'so', 'happy', 'cause', 'i', 'did', 'something', 'good', 'pada', 'bulan', 'ramadan', 'ni', 'semoga', 'doadoaku', 'dimakbulkan', 'dan', 'semoga', 'berjumpa', 'lagi', 'ramadan', 'seterusnya'",subuh gini dengar takbir raya ya allah sejujurnya sedih diri ni tinggalkan ramadan kali ni idk why but im so happy cause i did something good pada bulan ramadan ni semoga doadoaku dimakbulkan dan semoga berjumpa lagi ramadan seterusnya
1.14E+18,0.003456084,0.342152365,0.65439155,negative,Johor Bahru,sedih,"'it', 'was', 'like', 'apa', 'yg', 'kau', 'nak', 'tpi', 'tak', 'dpt', 'and', 'rasa', 'mcm', 'nk', 'ngamuk', 'and', 'end', 'up', 'sedih', 'dgn', 'diri', 'sendiri', 'tiber', 'tiber'",it was like apa yg kau nak tpi tak dpt and rasa mcm nk ngamuk and end up sedih dgn diri sendiri tiber tiber
163316501,0.000527536,0.052226042,0.947246423,negative,Johor Bahru,sedih,"'aku', 'sedih', 'down', 'kat', 'diri', 'sendiri', 'pujuk', 'diri', 'sendiri', 'allah', 'ada', 'lagi', 'teman', 'aku', 'then', 'aku', 'ok', 'dah', 'boleh', 'senyum'",aku sedih down kat diri sendiri pujuk diri sendiri allah ada lagi teman aku then aku ok dah boleh senyum
2588973312,0.000930819,0.092151121,0.906918059,negative,Johor Bahru,bunuh diri,"'masa', 'duduk', 'kat', 'tepi', 'pantai', 'tu', 'la', 'start', 'really', 'deep', 'conversation', 'aku', 'cerita', 'hal', 'aku', 'dia', 'cerita', 'hal', 'dia', 'sampai', 'dia', 'rasa', 'nak', 'bunuh', 'diri', 'time', 'tu', 'sedih', 'punya', 'pasal', 'best', 'part', 'pasal', 'aku', 'is', 'aku', 'berjaya', 'buang', 'cincin', 'tunang', 'aku', 'kat', 'pulau', 'tu', 'atas', 'motivate', 'dari', 'dia'",masa duduk kat tepi pantai tu la start really deep conversation aku cerita hal aku dia cerita hal dia sampai dia rasa nak bunuh diri time tu sedih punya pasal best part pasal aku is aku berjaya buang cincin tunang aku kat pulau tu atas motivate dari dia
449686978,0.001025673,0.10154167,0.897432656,negative,Johor Bahru,bunuh diri,"'maigolleri', 'aku', 'bunuh', 'diri', 'siot', 'kalau', 'benda', 'ni', 'jadi'",maigolleri aku bunuh diri siot kalau benda ni jadi
1.14E+18,0.000110722,0.010961448,0.988927831,negative,Johor Bahru,marah,"'jadi', 'perempuan', 'mmg', 'emosi', 'kan', '?', 'sikit2', 'nak', 'nangis', 'sikit2', 'nak', 'marah', 'sampai', 'satu', 'tahap', 'penat', 'dgn', 'diri', 'sendiri'",jadi perempuan mmg emosi kan? sikit2 nak nangis sikit2 nak marah sampai satu tahap penat dgn diri sendiri
1.21E+18,0.003410204,0.337610207,0.658979589,negative,Johor Bahru,marah,"'ffashz', 'tak', 'marah', 'pon', 'just', 'bgtahu', 'yg', 'laki', 'pon', 'kdng2', 'insecure', 'dgn', 'diri', 'sndiri', 'jgk', 'yg', 'bnyk', 'kali', 'usha', 'bnyk', 'kali', 'kena', 'reject', 'ingt', 'dia', 'nk', 'usha', 'pompuan', 'lain', 'lagi', 'ke', '?', 'mmg', 'dia', 'fcus', 'diri', 'sndiri', 'jela', 'smpai', 'la', 'jodoh', 'dtg'",ffashz tak marah pon just bgtahu yg laki pon kdng2 insecure dgn diri sndiri jgk yg bnyk kali usha bnyk kali kena reject ingt dia nk usha pompuan lain lagi ke? mmg dia fcus diri sndiri jela smpai la jodoh dtg
950064062,0.005183509,0.513167343,0.481649149,neutral,Johor Bahru,bunuh diri,"'tunjuk', 'video', 'scene', 'sunwoo', 'bunuh', 'diri', 'dengan', 'taeoh', 'lempang', 'anak', 'dia', 'dekat', 'mak', 'aku', 'pastu', 'dik', 'lagi', 'lagi', 'pastuu', 'jadi', 'apa', 'aaaaaa', 'cepat', 'la', 'lagi', 'lagi', 'tengok', 'la', 'full', 'episode', 'mak', 'ahhahahahahhaha', 'aduh', 'nak', 'kena', 'tengok', 'full', 'la', 'ni', 'hm'",tunjuk video scene sunwoo bunuh diri dengan taeoh lempang anak dia dekat mak aku pastu dik lagi lagi pastuu jadi apa aaaaaa cepat la lagi lagi tengok la full episode mak ahhahahahahhaha aduh nak kena tengok full la ni hm
7.15E+17,0.001482694,0.146786683,0.851730624,negative,Johor Bahru,marah,"'benda', 'kalau', 'kau', 'tak', 'buat', 'org', 'tak', 'sebut', 'kalau', 'kau', 'tak', 'cari', 'psl', 'org', 'tak', 'marah', 'sentiasa', 'rasa', 'diri', 'betul', 'tapi', 'bila', 'ada', 'masalah', 'cari', 'org', 'juga', 'dasar', 'selfish'",benda kalau kau tak buat org tak sebut kalau kau tak cari psl org tak marah sentiasa rasa diri betul tapi bila ada masalah cari org juga dasar selfish
281970260,0.005259117,0.520652632,0.474088251,neutral,Johor Bahru,bunuh diri,"'actually', 'aku', 'da', 'tau', 'ending', 'world', 'of', 'married', 'couple', 'nanti', 'da', 'kyung', 'tglkan', 'tae', 'oh', 'tae', 'oh', 'da', 'tkde', 'apa', 'n', 'merayu', 'kt', 'dr', 'ji', 'pastu', 'tae', 'oh', 'mcm', 'nk', 'bunuh', 'diri', 'tp', 'tk', 'jd', 'last2', 'anak', 'die', 'pergi', 'dr', 'mk', 'bpk', 'die', 'sbb', 'tk', 'thn', 'ngn', 'krisis', 'mk', 'pk', 'die', 'the', 'end'",actually aku da tau ending world of married couple nanti da kyung tglkan tae oh tae oh da tkde apa n merayu kt dr ji pastu tae oh mcm nk bunuh diri tp tk jd last2 anak die pergi dr mk bpk die sbb tk thn ngn krisis mk pk die the end
453898572,0.001815601,0.179744459,0.81843994,negative,Johor Bahru,sedih,"'yang', 'sedih', 'sangat', 'tak', 'balik', 'beraya', 'ni', 'gedik', 'gila', 'kalau', 'kata', 'diri', 'tu', 'dah', 'matang', 'buat', 'apa', 'nak', 'sedih', 'tak', 'dapat', 'beraya', 'aku', 'lagi', 'seronok', 'tak', 'jumpa', 'pakcik', 'makcik', 'aku'",yang sedih sangat tak balik beraya ni gedik gila kalau kata diri tu dah matang buat apa nak sedih tak dapat beraya aku lagi seronok tak jumpa pakcik makcik aku
1.11E+18,0.001378138,0.136435704,0.862186158,negative,Johor Bahru,#KitaJagaKita,"'sayang', 'tak', 'usah', 'kau', 'pergi', 'jauh', 'dari', 'diri', 'ini', 'jika', 'kau', 'mahu', 'aku', 'sanggup', 'rebah', 'melutut', 'merayu', 'pkpb', 'malam', '14', 'ramadan', 'kitajagakita', 'stopcovid19'",sayang tak usah kau pergi jauh dari diri ini jika kau mahu aku sanggup rebah melutut merayu pkpb malam 14 ramadan kitajagakita stopcovid19 
1707125532,0.000786614,0.077874782,0.921338605,negative,Johor Bahru,bunuh diri,"mlm', 'tadi', 'bini', 'aku', 'bagi', 'soalan', 'cepu', 'cemas', 'soalan', 'berbunyi', 'aritu', 'abang', 'kate', 'takdir', 'kite', 'allah', 'dah', 'aturkantu', 'rahsia', 'dia', 'kanso', 'klau', 'orang', 'bunuh', 'diri', 'masuk', 'neraka', 'maknanye', 'allah', 'yg', 'aturkan', 'kan', 'dgn', 'berpeluh', 'aku', 'menjawab', 'soal', 'syurga', 'neraka', 'ni', 'bukan', 'kje', 'kite'",mlm tadi bini aku bagi soalan cepu cemas soalan berbunyi aritu abang kate takdir kite allah dah aturkantu rahsia dia kanso klau orang bunuh diri masuk neraka maknanye allah yg aturkan kan dgn berpeluh aku menjawab soal syurga neraka ni bukan kje kite
7.18E+17,0.001097797,0.108681904,0.890220299,negative,Johor Bahru,sedih,"'tkleh', 'rase', 'sedih', 'ke', 'ape', 'ngn', 'diri', 'aku', 'sendiri', 'ke', 'ape', 'ke'",tkleh rase sedih ke ape ngn diri aku sendiri ke  ape ke 
195690494,0.000694719,0.068777139,0.930528142,negative,Johor Bahru,marah,"'sejak', 'degree', 'ni', 'aku', 'tgk', 'diri', 'aku', 'banyak', 'macam', 'rebel', 'on', 'something', 'tapi', 'tak', 'tau', 'tapi', 'aku', 'pendamkan', 'but', 'sometimes', 'tunjuk', 'rebel', 'then', 'kena', 'marah', 'but', 'bila', 'orang', 'lain', 'buat', 'aku', 'selalu', 'mcm', 'tgk', 'je', 'takde', 'nak', 'marah', 'balik', 'so', 'tiap', 'kali', 'kena', 'marah', 'time', 'aku', 'rebel', 'aku', 'buat', 'silent', 'treatment'",sejak degree ni aku tgk diri aku banyak macam rebel on something tapi tak tau tapi aku pendamkan but sometimes tunjuk rebel then kena marah but bila orang lain buat aku selalu mcm tgk je takde nak marah balik so tiap kali kena marah time aku rebel aku buat silent treatment
432529119,0.004523327,0.447809355,0.547667318,negative,Johor Bahru,bunuh diri,"'sipembancuhkopi', 'takpe', 'la', 'pis', 'sorry', 'susahkan', 'hidup', 'kau', 'selama', 'ni', 'aku', 'bunuh', 'diri', 'je', 'la'",sipembancuhkopi takpe la pis sorry susahkan hidup kau selama ni aku bunuh diri je la
8.81E+17,0.000114442,0.011329778,0.98855578,negative,Johor Bahru,marah,"'bab', 'marah', 'sikit', 'sebut', 'cerai', 'or', 'talak', 'its', 'really', 'turn', 'off', 'bodoh', 'tak', 'matang', 'once', 'lafaz', 'terus', 'janda', 'okay', 'dah', 'tak', 'perlu', 'gila', 'talak', 'bila', 'dah', 'waras', 'or', 'reda', 'dari', 'kemarahan', 'cakap', 'takda', 'niat', 'bodoh', 'tak', 'reti', 'kawal', 'diri', 'eh', 'aku', 'pula', 'geram'",bab marah sikit sebut cerai or talak its really turn off bodoh tak matang once lafaz terus janda okay dah tak perlu gila talak bila dah waras or reda dari kemarahan cakap takda niat bodoh tak reti kawal diri eh aku pula geram
311056237,0.005924219,0.586497671,0.40757811,neutral,Johor Bahru,bunuh diri,"'abeghgucci', 'yang', 'kelakar', 'suicide', 'squad', 'tak', 'bunuh', 'diri', 'tu', 'haih', 'hahahhaahha'",abeghgucci yang kelakar suicide squad tak bunuh diri tu haih hahahhaahha
539694789,0.001131874,0.112055568,0.886812558,negative,Johor Bahru,bunuh diri,"'diorang', 'tak', 'cukup', 'diver', 'so', 'diver', 'yang', 'ada', 'tu', 'turun', 'naik', 'banyak', 'kali', 'kim', 'gwan', 'hong', 'sampai', 'bunuh', 'diri', 'sebab', 'trauma', 'dia', 'asyik', 'terbayang', 'scenescene', 'masa', 'keluarkan', 'mayat'",diorang tak cukup diver so diver yang ada tu turun naik banyak kali kim gwan hong sampai bunuh diri sebab trauma dia asyik terbayang scenescene masa keluarkan mayat 
588978510,0.004809079,0.476098796,0.519092125,negative,Johor Bahru,bunuh diri,"'aku', 'almost', '5', 'month', 'tak', 'jumpa', 'family', 'sbb', 'kerja', 'pastu', 'plan', 'april', 'nak', 'balik', 'bangi', 'sbb', 'nk', 'surprise', 'birthday', 'mak', 'aku', 'tp', 'aku', 'di', 'qo', 'dkt', 'sg', 'ni', 'kau', 'rasa', 'aku', 'tanak', 'bunuh', 'diri', '?', 'chill', 'jelah', 'jgn', 'igt', 'kau', 'je', 'ada', 'prob'",aku almost 5 month tak jumpa family sbb kerja pastu plan april nak balik bangi sbb nk surprise birthday mak aku tp aku di qo dkt sg ni kau rasa aku tanak bunuh diri? chill jelah jgn igt kau je ada prob
286435864,0.002355326,0.233177227,0.764467448,negative,Johor Bahru,sedih,"'sedih', 'tapi', 'mungkin', 'sekarang', 'bukan', 'masa', 'nak', 'pentingkan', 'diri', 'ia'",sedih tapi mungkin sekarang bukan masa nak pentingkan diri ia
257842570,0.001836263,0.181790041,0.816373696,negative,Johor Bahru,bunuh diri,"'lisafries', 'faham', 'stress', 'duduk', 'terkurung', 'gitu', 'jauh', 'dari', 'family', 'tapi', 'tak', 'patut', 'tweet', 'gitu', 'bunuh', 'diri', 'semua', 'melampau', 'tuh', 'lagipun', 'tengah', 'pandemic', 'kan', 'tapi', 'tuh', 'lah', 'dia', 'pun', 'budak', 'lagi', 'tak', 'matang', 'cakap', 'ikut', 'perasaan', 'kan', 'tuh'",lisafries faham stress duduk terkurung gitu jauh dari family tapi tak patut tweet gitu bunuh diri semua melampau tuh lagipun tengah pandemic kan tapi tuh lah dia pun budak lagi tak matang cakap ikut perasaan kan tuh
2294132778,0.001229256,0.121696299,0.877074445,negative,Johor Bahru,bunuh diri,"'budak2', 'sekarang', 'asal', 'murung', 'je', 'bunuh', 'diri', 'murung', 'je', 'bunuh', 'diri', 'cubalah', 'murung', 'pi', 'belajar', 'buat', 'popia', 'nestum', 'ke', 'apa'",budak2 sekarang asal murung je bunuh diri murung je bunuh diri cubalah murung pi belajar buat popia nestum ke apa
1.06E+18,0.347154796,0.646316752,0.006528452,neutral,Johor Bahru,#COVID19,"'menyertai', 'kempen', 'tanah', 'air', 'tercinta', 'adalah', 'penting', 'untuk', 'kesihatan', 'diri', 'kekal', 'sihat', 'dan', 'terus', 'menjaga', 'tertib', 'kesedaran', 'itu', 'perlu', 'untuk', 'terus', 'berjuang', 'melawan', 'kekangan', 'sementara', 'ini', 'covid19', 'malaysia', 'inpasirgudangwefight', 'johorbahru', 'lockdownextention', 'retrofungus'",menyertai kempen tanah air tercinta adalah penting untuk kesihatan diri kekal sihat dan terus menjaga tertib kesedaran itu perlu untuk terus berjuang melawan kekangan sementara ini covid19 malaysia inpasirgudangwefight johorbahru lockdownextention retrofungus
1.16E+18,0.000943628,0.093419178,0.905637194,negative,Johor Bahru,sedih,"'em', 'sedih', 'betulla', 'dengan', 'period', 'pain', 'presentation', 'reject', 'cam', 'bodo', 'ek', 'diri', 'sendiri'",em sedih betulla dengan period pain presentation reject cam bodo ek diri sendiri
965976848,0.000606956,0.060088665,0.939304378,negative,Johor Bahru,bunuh diri,"'dari', 'dulu', 'kalau', 'tengok', 'wrong', 'turn', 'ni', 'rasa', 'mcm', 'perlu', 'bunuh', 'diri', 'dari', 'kena', 'hadap', 'semua'",dari dulu kalau tengok wrong turn ni rasa mcm perlu bunuh diri dari kena hadap semua
142458622,0.003750591,0.371308548,0.624940861,negative,Johor Bahru,sedih,"'92', 'today', 'kat', 'stor', 'bila', 'bosan', 'duduk', 'rumah', 'bawak', 'diri', 'dtg', 'hospital', 'today', 'siapkan', 'kejaaa', 'at', 'least', 'lupa', 'sekejap', 'rasa', 'sedih', 'x', 'dpt', 'balik', 'jumpa', 'family'",92 today kat stor bila bosan duduk rumah bawak diri dtg hospital today siapkan kejaaa at least lupa sekejap rasa sedih x dpt balik jumpa family 
84324958,0.001881907,0.186308842,0.81180925,negative,Johor Bahru,bunuh diri,"'maknaetaja', 'kaptain', 'train', 'buat', 'lawak', 'apa', 'dia', 'suruh', 'org', 'tenang', 'last2', 'dia', 'yg', 'panik', 'terus', 'blah', 'pastu', 'org', 'yg', 'nk', 'bunuh', 'diri', 'selamatkan', 'diri', 'plotwist', 'kalah', 'cerita', 'train', 'to', 'busan'",maknaetaja kaptain train buat lawak apa dia suruh org tenang last2 dia yg panik terus blah pastu org yg nk bunuh diri selamatkan diri plotwist kalah cerita train to busan
566840981,0.003403305,0.336927223,0.659669472,negative,Johor Bahru,marah,"justazimah', 'ye', 'dok', 'ingatkan', 'pergi', 'sri', 'petaling', 'je', 'rupanya', 'keliling', 'ke', 'mana2', 'entah', 'lagi', 'mcm', 'syal', 'pastu', 'sibuk', 'nak', 'kata', 'diri', 'tak', 'salah', 'bagai', 'pastu', 'cakap', 'dia', 'manusia', 'biasa', 'la', 'apa', 'la', 'memang', 'la', 'orang', 'marah'",justazimah ye dok ingatkan pergi sri petaling je rupanya keliling ke mana2 entah lagi mcm syal pastu sibuk nak kata diri tak salah bagai pastu cakap dia manusia biasa la apa la memang la orang marah
9.85E+17,0.001722439,0.170521482,0.827756079,negative,Johor Bahru,bunuh diri,"'kalau', 'mental', 'aku', 'tak', 'kuat', 'pun', 'aku', 'dah', 'bunuh', 'diri', 'dari', 'tahun', 'lepas', 'lagi', 'tp', 'tulah', 'fikir', 'sia2', 'je', 'amalan', 'hidup', '26', 'tahun', 'jadi', 'ku', 'gagahkan', 'jua'",kalau mental aku tak kuat pun aku dah bunuh diri dari tahun lepas lagi tp tulah fikir sia2 je amalan hidup 26 tahun jadi ku gagahkan jua
453898572,0.000756394,0.074883003,0.924360603,negative,Johor Bahru,bunuh diri,"sekaya', 'kaya', 'akak', 'aku', 'tak', 'pernah', 'menunjuk', 'anak', 'dia', 'lagi', 'pening', 'tau', 'mak', 'bapak', 'kaya', 'pun', 'tp', 'tak', 'nampak', 'mcm', 'anak', 'orang', 'kaya', 'budak', 'skrg', 'kalau', 'tak', 'ada', 'phone', 'mcm', 'nak', 'bunuh', 'diri', 'anak', 'akak', 'aku', 'ni', 'ada', 'phone', 'pun', 'mcm', 'tak', 'penting', 'je', 'bg', 'dorg'",sekaya kaya akak aku tak pernah menunjuk anak dia lagi pening tau mak bapak kaya pun tp tak nampak mcm anak orang kaya budak skrg kalau tak ada phone mcm nak bunuh diri anak akak aku ni ada phone pun mcm tak penting je bg dorg
513227157,0.004335523,0.429216784,0.566447692,negative,Johor Bahru,marah,"'aaaaaa', 'leganya', 'dpt', 'dengar', 'mak', 'bebel', 'bebel', 'marah', 'sebab', 'aku', 'ckp', 'nk', 'balik', 'malaysia', 'tp', 'mak', 'cakap', 'stay', 'je', 'sini', 'jaga', 'je', 'diri', 'dulu'",aaaaaa leganya dpt dengar mak bebel bebel marah sebab aku ckp nk balik malaysia tp mak cakap stay je sini jaga je diri dulu
778226594,0.000982905,0.097307586,0.901709509,negative,Johor Bahru,sedih,"'ntahlah', 'aku', 'je', 'mungkin', 'yg', 'over', 'selama', 'yg', 'sayang', 'kau', 'yg', 'risau', 'pasal', 'kau', 'yg', 'kalau', 'boleh', 'tak', 'nak', 'tengok', 'kau', 'sedih', 'kh', 'sakit', 'ke', 'stress', 'ke', 'aku', 'je', 'yg', 'beriya', 'semua', 'tu', 'eyla', 'ni', 'mmg', 'manusia', 'yg', 'tdk', 'sedar', 'diri', 'yg', 'suka', 'syok', 'sendiri'",ntahlah aku je mungkin yg over selama yg sayang kau yg risau pasal kau yg kalau boleh tak nak tengok kau sedih kh sakit ke stress ke aku je yg beriya semua tu eyla ni mmg manusia yg tdk sedar diri yg suka syok sendiri
3153598728,0.60605611,0.390004451,0.003939439,positive,Johor Bahru,#KitaJagaKita,"'dalam', 'situasi', 'begini', 'kita', 'perlu', 'kerjasama', 'semua', 'pemimpin', 'rakyat', 'agensi', 'ngo', 'dan', 'pastinya', 'frontliners', 'masing2', 'mainkan', 'peranan', 'untuk', 'kesejahteraan', 'bersama', 'jangan', 'hanya', 'fikir', 'diri', 'sendiri', 'ini', 'juga', 'termasuk', 'usaha', 'selain', 'doa', 'dan', 'tawakkal', 'kitajagakita', 'stayathome'",dalam situasi begini kita perlu kerjasama semua pemimpin rakyat agensi ngo dan pastinya frontliners masing2 mainkan peranan untuk kesejahteraan bersama jangan hanya fikir diri sendiri ini juga termasuk usaha selain doa dan tawakkal kitajagakita stayathome
1.09E+18,0.839745435,0.15865202,0.001602546,positive,Johor Bahru,#COVID19,"'assalamualaikum', 'dan', 'salam', 'sejahtera', 'hai', 'ckgu2', 'ibu2', 'ayah2', 'dan', 'anak', 'murid', 'sk', 'nong', 'chik', 'program', '1', 'hari', '1', 'info', 'ubk', 'sk', 'nong', 'chik', '05', 'april', '2020', '1', 'aktiviti', 'santai', 'bersama', 'keluarga', 'musim', 'covid19', '2', 'jom', 'kenali', 'potensi', 'diri', 'anda', '#', 'staysafeathome', 'kitajagakita', 'stopcovid19'",assalamualaikum dan salam sejahtera hai ckgu2 ibu2 ayah2 dan anak murid sk nong chik program 1 hari 1 info ubk sk nong chik 05 april 2020 1 aktiviti santai bersama keluarga musim covid19 2 jom kenali potensi diri anda staysafeathome kitajagakita stopcovid19
1.04E+18,0.000343736,0.034029908,0.965626356,negative,Johor Bahru,sedih,"'benci', 'bgt', 'dah', 'sama', 'diri', 'sendiri', 'kalo', 'nonton', 'film', 'pas', 'adegan', 'sedih', 'ikut', 'nangis'",benci bgt dah sama diri sendiri kalo nonton film pas adegan sedih ikut nangis
1.09E+18,0.006501478,0.643646345,0.349852177,neutral,Johor Bahru,#KitaJagaKita,"'anda', 'bosan', 'lemah', 'dan', 'tidak', 'tahu', 'apa', 'nak', 'buat', 'jom', 'kita', 'activate', 'kan', 'emosi', 'positif', 'yang', 'power', 'dalam', 'diri', 'kita', 'sebenarnya', 'sudah', 'disrbatikan', 'dengan', 'emosi', 'yang', 'power', 'ini', 'tunggu', 'untuk', 'digenaratekan', 'sahaja', 'kitajagakita', 'stayathome', 'nongchikstandtogether'",anda bosan lemah dan tidak tahu apa nak buat jom kita activate kan emosi positif yang power dalam diri kita sebenarnya sudah disrbatikan dengan emosi yang power ini tunggu untuk digenaratekan sahaja kitajagakita stayathome nongchikstandtogether 
1.11E+18,0.1186993,0.872487693,0.008813007,neutral,Johor Bahru,#KitaJagaKita,"'ku', 'rasa', 'kan', 'pudar', 'dalam', 'hati', 'ku', 'rasa', 'cinta', 'yang', 'ada', 'untuk', 'diri', 'mu', 'ku', 'lelah', 'dengan', 'semua', 'yang', 'ada', 'ingin', 'ku', 'lepas', 'semua', 'kitajagakita', 'stopcovid19', 'selamatkanmalaysia'",ku rasa kan pudar dalam hati ku rasa cinta yang ada untuk diri mu ku lelah dengan semua yang ada ingin ku lepas semua kitajagakita stopcovid19 selamatkanmalaysia 
253985926,0.003933726,0.38943886,0.606627414,negative,Johor Bahru,bunuh diri,"'if', 'you', ""don't"", 'have', 'nice', 'things', 'to', 'say', 'write', 'type', 'just', 'keep', 'it', 'to', 'yourself', 'cyberbullying', 'is', 'the', 'worstnak', 'maki', 'dalam', 'hati', 'jetak', 'pun', 'bincangkan', 'dgn', 'suami', 'atau', 'isteri', 'secara', 'tertutupbila', 'artis', 'korea', 'mati', 'bunuh', 'diri', 'kena', 'cyberbullying', 'kemain', 'lagi', 'sedihimagine', 'you', 'in', 'that', 'place'",if you don't have nice things to say write type just keep it to yourself cyberbullying is the worstnak maki dalam hati jetak pun bincangkan dgn suami atau isteri secara tertutupbila artis korea mati bunuh diri kena cyberbullying kemain lagi sedihimagine you in that place
2250499758,0.003478946,0.344415684,0.65210537,negative,Johor Bahru,bunuh diri,"'ejamsayang', 'msa9460', '10', 'years', 'bunuh', 'diri', 'sbb', 'frust'",ejamsayang msa9460 10 years bunuh diri sbb frust 
1.24E+18,0.000314534,0.031138879,0.968546587,negative,Johor Bahru,marah,"'dulu', 'muka', 'jerawat', 'jeragat', 'sekarang', 'dh', 'mulus', 'licinlupa', 'diri', 'eh', 'jgnsombong', 'jgn', 'riak', 'allah', '#', 'marah', 'bangsa', 'johor', 'pun', 'marah', 'betul', 'kata', 'peribahasa', 'kerana', 'mulut', 'poket', 'binasa', 'renungkan', 'artismalaysia'",dulu muka jerawat jeragat sekarang dh mulus licinlupa diri eh jgnsombong jgn riak allah marah bangsa johor pun marah  betul kata peribahasa kerana mulut poket binasa renungkan artismalaysia
154877501,0.002053962,0.203342263,0.794603775,negative,Johor Bahru,sedih,"'bila', 'tengok', 'nasib', 'diri', 'dan', 'keadaan', 'sekeliling', 'ni', 'rasa', 'sedih', 'betul'",bila tengok nasib diri dan keadaan sekeliling ni rasa sedih betul
2248387310,0.002822935,0.279470559,0.717706506,negative,Johor Bahru,#KitaJagaKita,"'nasihat', 'untuk', 'diri', 'sendiri', 'dan', 'teman', 'teman', 'bahasa', 'mudahnya', 'buruk', 'orang', 'memang', 'senang', 'nampak', 'tapi', 'bila', 'silap', 'kita', 'sendiri', 'kita', 'lupakita', 'tak', 'nampak', 'so', 'jom', 'kita', 'muhasabah', 'diri', 'xoxo', 'takbaikmengumpat', 'kitajagakita'",nasihat untuk diri sendiri dan teman teman bahasa mudahnya buruk orang memang senang nampak tapi bila silap kita sendiri kita lupakita tak nampak so jom kita muhasabah diri xoxo takbaikmengumpat kitajagakita 
1205682348,0.004020994,0.398078445,0.59790056,negative,Johor Bahru,#KitaJagaKita,"'ini', 'pun', 'ada', 'anak', 'muda', 'borong', '10', 'pack', 'dah', 'dia', 'sedekah', 'dekat', 'kariah', 'surau', 'kadang', 'kadang', 'malu', 'dengan', 'diri', 'sendiri', 'muda', 'muda', 'dulu', 'banyak', 'bazir', 'masa', 'je'",ini pun ada anak muda borong 10 pack dah dia sedekah dekat kariah surau kadang kadang malu dengan diri sendiri muda muda dulu banyak bazir masa je 
154877501,0.000398344,0.039436052,0.960165604,negative,Johor Bahru,bunuh diri,"'menteri', 'sampai', 'bunuh', 'diri', 'secara', 'tak', 'langsung', 'benda', 'ni', 'beritahu', 'kita', 'betapa', 'besar', 'bencana', 'ekonomi', 'yg', 'akan', 'menimpa', 'kalau', 'kita', 'tak', 'berhatihati'",menteri sampai bunuh diri secara tak langsung benda ni beritahu kita betapa besar bencana ekonomi yg akan menimpa kalau kita tak berhatihati
185982923,0.547926529,0.447552736,0.004520735,positive,Johor Bahru,#COVID19,"'terima', 'kasih', 'semua', 'kita', 'bantu', 'yang', 'mampu', 'walaupon', 'kita', 'hanya', 'berdiam', 'diri', 'steady', 'semua'",terima kasih semua kita bantu yang mampu walaupon kita hanya berdiam diri steady semua 
222678827,0.000764903,0.075725374,0.923509723,negative,Johor Bahru,sedih,"sedih', 'sebenarnya', 'tengok', 'orang', 'ramai', 'yang', 'harihari', 'kena', 'pikiaq', 'nak', 'makan', 'apa', 'esok', 'dengan', 'duit', 'tak', 'seberapa', 'sampai', 'bila', 'depa', 'tu', 'nak', 'hidup', 'macam', 'tu', 'jadilah', 'orang', 'kaya', 'yang', 'bermanfaat', 'dan', 'bukannya', 'mementingkan', 'diri', 'sendiri'",sedih sebenarnya tengok orang ramai yang harihari kena pikiaq nak makan apa esok dengan duit tak seberapa sampai bila depa tu nak hidup macam tu jadilah orang kaya yang bermanfaat dan bukannya mementingkan diri sendiri
205145213,0.008253996,0.817145589,0.174600416,neutral,Johor Bahru,#COVID19,"'jagalah', 'diri', 'anda', 'sebelum', 'diri', 'anda', 'dijagakan', 'covid19'",jagalah diri anda sebelum diri anda dijagakan covid19
270144952,0.001028751,0.101846348,0.897124901,negative,Johor Bahru,marah,"nadhirahshafidz', 'report', 'je', 'ain', 'dua', 'minggu', 'je', 'pun', 'nk', 'degil', 'kang', 'kena', 'extand', 'sibuk', 'nk', 'marah', 'kkm', 'dgn', 'gov', 'padahal', 'salah', 'diri', 'sndiri'",nadhirahshafidz report je ain dua minggu je pun nk degil kang kena extand sibuk nk marah kkm dgn gov padahal salah diri sndiri
